,Item_Identifier,Outlet_Identifier,Item_Outlet_Sales
0,NCF31,OUT049,3744.91
1,FDD59,OUT046,1628.18
2,FDQ52,OUT049,3741.7886
3,FDP09,OUT027,5343.9106
4,FDK24,OUT035,617.0845
5,NCA18,OUT046,1788.9142
6,NCE07,OUT045,2385.4766
7,FDM45,OUT035,1576.37
8,FDQ32,OUT046,3000.223
9,FDI34,OUT035,2823.8792
10,FDE14,OUT013,1712.3868
11,DRF37,OUT017,1849.6056
12,FDW44,OUT017,2204.4497
13,FDC59,OUT049,818.504
14,NCI29,OUT010,164.7174
15,FDV38,OUT018,780.016
16,FDZ49,OUT013,1876.0425
17,DRD49,OUT045,4034.3743
18,FDA02,OUT046,2214.7842
19,FDX20,OUT018,3651.65
20,FDS24,OUT013,354.7589
21,FDI58,OUT046,1877.0146
22,FDQ60,OUT019,293.14648
23,FDJ27,OUT049,1213.277
24,FDV27,OUT017,1188.0939
25,NCL41,OUT046,340.28845
26,NCP29,OUT046,1344.9081
27,FDC45,OUT027,4019.4814
28,FDN33,OUT013,0.0
29,DRC01,OUT045,1522.954
30,FDL57,OUT045,5255.791
31,NCF42,OUT010,469.15286
32,FDG50,OUT046,1656.3569
33,FDH22,OUT049,912.7962
34,FDO36,OUT049,4690.656
35,FDY04,OUT018,2022.539
36,FDZ09,OUT035,2884.4556
37,FDH28,OUT049,745.4744
38,FDN32,OUT049,3938.2944
39,DRJ37,OUT027,3113.7925
40,FDE57,OUT017,2329.6313
41,FDG05,OUT045,1427.5736
42,FDI09,OUT018,3587.61
43,DRD12,OUT027,2272.8655
44,FDD02,OUT010,151.1177
45,FDI36,OUT046,4640.695
46,DRK39,OUT049,1343.722
47,FDH44,OUT035,2744.4146
48,FDS56,OUT049,6543.682
49,DRJ59,OUT045,381.3175
50,NCA30,OUT010,802.21387
51,FDF17,OUT045,4165.81
52,NCX18,OUT046,4121.9253
53,NCO53,OUT018,886.15906
54,FDT23,OUT049,2102.9834
55,NCJ19,OUT046,1309.7919
56,FDI05,OUT017,1592.3005
57,NCJ19,OUT010,62.070557
58,NCS29,OUT027,6802.687
59,NCC06,OUT013,1438.4263
60,FDJ12,OUT017,4700.355
61,FDW48,OUT013,0.0
62,FDX32,OUT017,3717.1914
63,FDH02,OUT027,2043.9148
64,FDD16,OUT046,938.546
65,FDR09,OUT027,3503.319
66,FDB32,OUT018,1623.5505
67,FDP11,OUT013,2013.2496
68,FDG09,OUT049,2988.3655
69,FDF21,OUT013,2896.9407
70,NCJ19,OUT027,528.04626
71,FDY03,OUT010,260.34616
72,FDK58,OUT013,2343.6504
73,FDC26,OUT049,166.44263
74,FDN15,OUT018,2804.9578
75,DRH11,OUT027,2122.7854
76,NCK17,OUT013,127.78146
77,DRC01,OUT046,675.27655
78,FDD03,OUT035,3646.0874
79,NCY17,OUT049,338.56702
80,DRY23,OUT049,991.6588
81,FDT50,OUT035,1978.6991
82,FDC38,OUT013,3053.1497
83,NCN06,OUT010,808.821
84,FDP56,OUT027,904.6959
85,FDW34,OUT045,3902.2773
86,FDU07,OUT035,1590.9259
87,NCO55,OUT018,1230.1547
88,FDL16,OUT017,392.95203
89,FDT59,OUT045,1849.1023
90,DRF01,OUT027,2322.2117
91,NCS06,OUT045,3978.3704
92,FDY13,OUT019,187.8067
93,DRF36,OUT010,385.4525
94,FDV10,OUT046,756.06805
95,FDE09,OUT010,219.21855
96,FDC20,OUT045,1013.21655
97,FDI58,OUT017,2367.2065
98,FDI56,OUT017,1688.447
99,NCI17,OUT018,899.04553
100,NCE19,OUT049,929.1633
101,FDA26,OUT019,536.157
102,FDR01,OUT018,886.27875
103,FDC32,OUT027,3518.5752
104,FDF11,OUT049,4226.2944
105,FDH46,OUT046,2464.1929
106,FDY33,OUT019,272.6536
107,DRG23,OUT046,1853.6989
108,FDY04,OUT027,3517.8237
109,FDE26,OUT045,3093.0923
110,NCU42,OUT035,2916.6372
111,NCO42,OUT035,1175.83
112,FDU25,OUT049,856.8697
113,FDW02,OUT027,2471.8682
114,FDS22,OUT046,1330.2218
115,FDG57,OUT035,0.0
116,FDQ25,OUT018,2661.8887
117,NCS06,OUT018,379.15515
118,FDC29,OUT027,2848.2283
119,NCZ41,OUT035,2193.812
120,FDW23,OUT046,1062.4081
121,FDB03,OUT049,3159.079
122,FDN25,OUT019,15.83045
123,NCN05,OUT046,3523.0288
124,FDV43,OUT027,749.7977
125,FDG44,OUT049,954.54724
126,FDS12,OUT018,3118.496
127,FDI52,OUT013,2835.337
128,FDU12,OUT049,1787.6362
129,FDG58,OUT035,2504.4663
130,FDA16,OUT018,4132.442
131,NCD18,OUT035,5729.8687
132,FDI21,OUT013,1388.3698
133,FDW31,OUT017,2932.0703
134,FDB35,OUT018,1156.111
135,FDK58,OUT027,2785.8818
136,FDU14,OUT046,3301.894
137,NCP43,OUT018,3774.0127
138,FDM20,OUT027,4466.693
139,FDT36,OUT027,799.5377
140,FDW19,OUT018,1430.5803
141,FDB29,OUT049,2858.1985
142,FDN39,OUT017,1057.8047
143,FDI02,OUT046,576.81805
144,FDA46,OUT027,4112.179
145,FDV36,OUT017,3407.9932
146,FDE35,OUT013,644.90076
147,FDT46,OUT035,788.35876
148,FDS21,OUT019,340.12967
149,DRD12,OUT017,1317.716
150,FDR14,OUT019,121.34298
151,FDG22,OUT027,952.41406
152,FDX58,OUT049,3330.9355
153,FDB40,OUT027,4335.18
154,FDJ36,OUT010,189.3272
155,NCL53,OUT010,200.52426
156,NCX05,OUT045,1101.6349
157,FDO21,OUT046,6218.3604
158,NCF07,OUT018,1486.1681
159,FDU20,OUT013,1530.0387
160,FDK09,OUT010,416.1977
161,FDY57,OUT035,2732.5496
162,FDD51,OUT027,1309.9747
163,FDA49,OUT027,1477.4896
164,FDG33,OUT046,1825.8889
165,FDG35,OUT049,1125.2346
166,FDC52,OUT045,1739.3784
167,FDS34,OUT017,545.60046
168,NCY05,OUT049,401.59796
169,FDO46,OUT035,3412.752
170,FDY20,OUT049,795.9595
171,FDA13,OUT035,635.3483
172,FDS04,OUT013,1776.197
173,FDU51,OUT017,4162.13
174,FDK50,OUT018,2205.5122
175,FDO60,OUT013,235.5138
176,FDM13,OUT017,2749.6213
177,FDU12,OUT027,905.71277
178,NCG54,OUT018,1655.7004
179,FDH40,OUT010,0.0
180,NCI06,OUT019,524.8571
181,FDA58,OUT035,4831.2207
182,FDJ02,OUT017,1975.644
183,FDP21,OUT018,4714.773
184,FDN57,OUT035,2578.1853
185,FDV26,OUT027,5213.9116
186,FDZ21,OUT049,2238.1812
187,FDG21,OUT027,3801.4111
188,FDF26,OUT018,3527.1458
189,FDC39,OUT013,4585.3486
190,FDQ24,OUT018,3466.4695
191,FDC41,OUT017,1284.9135
192,NCO14,OUT010,46.062767
193,FDE05,OUT027,4223.9854
194,FDW52,OUT027,3461.0635
195,FDL36,OUT027,1765.5276
196,FDS04,OUT035,1607.0734
197,NCC18,OUT049,2125.6653
198,FDN01,OUT018,2036.1635
199,FDY02,OUT010,667.0701
200,FDV15,OUT017,1809.5197
201,FDC34,OUT045,3531.667
202,FDX10,OUT017,545.7094
203,NCF19,OUT013,836.5553
204,FDE17,OUT017,2107.0334
205,FDJ08,OUT018,1275.0258
206,NCN53,OUT013,573.08453
207,FDC16,OUT046,1133.1261
208,FDO15,OUT018,949.54333
209,FDQ23,OUT027,2174.4517
210,DRF37,OUT013,1447.6833
211,FDN40,OUT035,2656.4045
212,FDN24,OUT027,137.14978
213,FDF16,OUT017,1124.3345
214,FDH27,OUT049,2335.9927
215,FDY52,OUT017,895.4859
216,NCH55,OUT027,3536.8315
217,NCH18,OUT035,3416.9058
218,DRC01,OUT013,764.2443
219,NCO14,OUT035,155.974
220,DRG39,OUT046,1026.1467
221,DRK13,OUT013,4525.5996
222,FDD41,OUT045,2142.3464
223,FDQ19,OUT027,7016.058
224,FDX58,OUT010,901.83563
225,FDK40,OUT027,7332.8613
226,FDI52,OUT017,2943.1802
227,FDT28,OUT013,1765.5333
228,FDH52,OUT017,963.7157
229,FDZ38,OUT046,1534.4174
230,FDF12,OUT017,1191.0795
231,NCE06,OUT027,5074.7393
232,FDO45,OUT049,1036.3309
233,NCS18,OUT045,2450.0894
234,NCE54,OUT045,1479.3202
235,FDB50,OUT045,2237.7798
236,FDZ20,OUT045,4251.5503
237,FDB11,OUT045,5060.4795
238,FDU22,OUT013,2460.0317
239,FDY48,OUT018,1585.6359
240,NCP30,OUT035,962.4158
241,FDD08,OUT035,665.8168
242,NCG42,OUT049,2224.1492
243,NCT30,OUT017,611.101
244,FDT37,OUT013,6242.1787
245,FDU04,OUT049,1081.8997
246,NCH30,OUT046,2888.5366
247,DRG37,OUT013,2254.136
248,FDS13,OUT046,2139.9497
249,FDQ47,OUT018,428.10693
250,FDY26,OUT035,2708.6064
251,FDB14,OUT018,1640.989
252,FDV45,OUT019,66.353386
253,FDR23,OUT018,1871.6567
254,NCS29,OUT013,7029.5923
255,FDK33,OUT027,5722.8467
256,FDW24,OUT027,1768.8073
257,FDR08,OUT017,2428.127
258,FDB45,OUT013,333.48962
259,FDW32,OUT013,1593.7549
260,FDN21,OUT035,2399.7837
261,FDH56,OUT035,2162.2615
262,FDQ07,OUT049,5499.0737
263,FDU58,OUT027,4798.7627
264,FDK36,OUT013,80.03987
265,NCG18,OUT027,1922.5903
266,FDQ26,OUT027,1779.5624
267,DRL47,OUT027,4204.581
268,DRJ11,OUT017,2361.1304
269,FDB41,OUT018,915.2743
270,NCA06,OUT046,1432.6165
271,NCZ41,OUT045,1565.8987
272,NCD54,OUT017,1394.6241
273,FDM34,OUT027,4006.58
274,FDL57,OUT013,3592.3826
275,NCD30,OUT013,725.2765
276,FDH17,OUT046,1190.4348
277,FDD57,OUT035,884.0538
278,FDC58,OUT018,110.10377
279,FDX47,OUT046,2096.057
280,FDC50,OUT045,1348.36
281,NCS53,OUT027,2367.0073
282,FDY13,OUT018,1089.1885
283,FDP44,OUT035,1847.138
284,FDH60,OUT019,770.4226
285,FDR02,OUT010,134.21773
286,FDK48,OUT027,1743.8013
287,FDO24,OUT010,278.9653
288,FDE20,OUT013,2261.4624
289,FDM04,OUT046,1041.1042
290,NCH07,OUT019,252.10266
291,DRP35,OUT046,2539.8372
292,FDO11,OUT046,2794.577
293,NCM30,OUT046,785.1448
294,DRF27,OUT027,4014.502
295,NCR18,OUT027,1176.7877
296,FDS48,OUT027,3964.7756
297,FDO32,OUT049,404.9596
298,NCP05,OUT017,2632.994
299,FDF44,OUT027,2554.698
300,FDX56,OUT046,5307.981
301,FDE46,OUT027,4033.6199
302,FDQ09,OUT027,3047.19
303,NCB54,OUT013,1188.3075
304,NCV18,OUT035,1965.7058
305,NCG55,OUT049,1931.7262
306,FDV14,OUT035,2535.872
307,FDT31,OUT013,3283.8457
308,DRD12,OUT045,1329.7457
309,FDZ40,OUT018,895.81213
310,DRI11,OUT010,274.18732
311,FDP23,OUT045,4709.6235
312,FDY02,OUT035,2207.559
313,FDM03,OUT046,3354.7751
314,FDF35,OUT049,1177.6622
315,DRM37,OUT017,2550.7397
316,NCV41,OUT049,1725.3035
317,NCK53,OUT027,2076.6714
318,FDW23,OUT045,1504.6749
319,FDW12,OUT013,2533.8674
320,FDG44,OUT035,1035.7267
321,FDJ36,OUT035,1571.8217
322,FDX55,OUT046,852.84875
323,DRG13,OUT018,3843.5312
324,NCD06,OUT013,354.05652
325,FDW22,OUT027,8167.738
326,FDD33,OUT045,5138.801
327,FDG24,OUT035,1736.0789
328,FDE05,OUT046,2179.1597
329,FDZ12,OUT046,1575.9012
330,FDX37,OUT010,198.77577
331,FDE44,OUT035,627.0554
332,FDS52,OUT019,122.661385
333,FDO39,OUT018,3631.1438
334,FDI32,OUT045,2409.5872
335,FDV28,OUT017,853.59686
336,NCP53,OUT017,1891.3671
337,NCN43,OUT049,1608.4956
338,NCI31,OUT019,0.0
339,FDK55,OUT045,1701.3486
340,FDC17,OUT017,3493.681
341,FDV28,OUT035,775.56415
342,FDY26,OUT018,1198.8212
343,NCU06,OUT049,36.549934
344,FDV16,OUT019,20.836462
345,FDY31,OUT045,1328.5851
346,DRE37,OUT049,3106.8408
347,FDH33,OUT035,215.81995
348,FDA46,OUT035,3749.2935
349,FDP12,OUT035,725.1388
350,FDJ09,OUT049,316.0182
351,NCS54,OUT027,5070.4478
352,FDJ33,OUT027,2303.2207
353,FDF32,OUT010,738.5388
354,FDN24,OUT019,13.129
355,FDX21,OUT035,2974.616
356,FDC57,OUT013,5040.147
357,NCZ06,OUT018,5571.748
358,FDY56,OUT013,7198.944
359,NCH07,OUT049,2046.0975
360,FDS44,OUT018,1768.7054
361,FDY33,OUT049,4133.6157
362,FDZ48,OUT045,2145.0298
363,FDY48,OUT045,2039.9834
364,FDK16,OUT027,3002.5762
365,FDT16,OUT046,2998.4937
366,FDC26,OUT010,152.89688
367,DRJ47,OUT018,1287.4535
368,FDQ04,OUT010,93.598854
369,FDN40,OUT046,2277.7373
370,FDS39,OUT013,3082.5073
371,FDC11,OUT018,0.0
372,FDQ39,OUT010,232.92285
373,FDB33,OUT049,3405.2305
374,FDU27,OUT010,0.0
375,FDM44,OUT045,2725.8206
376,FDT32,OUT035,2230.8662
377,DRC13,OUT018,2040.3685
378,NCO07,OUT046,4742.1704
379,FDJ16,OUT018,783.3999
380,FDB22,OUT027,3737.1877
381,NCS30,OUT045,2507.6252
382,FDQ59,OUT027,3290.8801
383,FDI38,OUT049,2114.614
384,FDR52,OUT035,2504.7192
385,FDT15,OUT018,2000.9198
386,FDR52,OUT019,631.1957
387,FDS60,OUT018,2284.8757
388,FDK52,OUT018,5319.3022
389,FDA04,OUT045,4989.9663
390,NCQ53,OUT045,3203.2817
391,FDN28,OUT018,274.8577
392,FDU12,OUT019,0.0
393,FDT03,OUT045,2346.907
394,FDY57,OUT046,1676.9167
395,FDH56,OUT013,3228.9648
396,DRM23,OUT018,1456.0853
397,FDZ07,OUT019,169.32445
398,FDK40,OUT045,10042.411
399,FDU04,OUT046,2692.7075
400,DRL37,OUT017,210.23792
401,FDT26,OUT027,1052.3484
402,FDT24,OUT045,1439.8866
403,FDX57,OUT027,1617.8307
404,FDA55,OUT019,465.09576
405,NCN05,OUT045,3865.939
406,FDR58,OUT045,781.8258
407,FDX47,OUT013,2671.2573
408,NCH54,OUT018,2675.2124
409,NCH42,OUT035,2039.6663
410,FDH56,OUT045,1316.8467
411,FDQ48,OUT018,2332.8662
412,FDN20,OUT017,3950.644
413,FDA15,OUT013,3394.1726
414,FDS48,OUT019,25.379705
415,FDW02,OUT018,102.642525
416,FDN03,OUT027,3944.9685
417,FDF57,OUT017,2038.1107
418,DRM37,OUT035,4020.1091
419,NCD54,OUT046,2887.6775
420,NCQ42,OUT027,3519.02
421,FDW49,OUT035,3365.5088
422,DRI03,OUT013,4385.354
423,FDD14,OUT045,1263.5416
424,FDN02,OUT046,2823.2788
425,FDQ45,OUT027,4220.959
426,FDX56,OUT018,2333.6978
427,FDE51,OUT019,91.24436
428,FDT47,OUT045,1911.5118
429,FDM22,OUT035,734.4588
430,FDB27,OUT045,3119.3208
431,FDE02,OUT027,2837.7664
432,FDD38,OUT035,1491.359
433,FDF34,OUT017,4316.1743
434,FDP15,OUT010,859.2633
435,NCI29,OUT017,2065.1477
436,FDU27,OUT017,592.0471
437,NCD55,OUT027,1019.5526
438,FDU37,OUT046,1122.6683
439,FDA01,OUT017,1444.6311
440,FDS13,OUT045,3128.9868
441,FDK55,OUT018,2109.0063
442,FDR36,OUT035,431.48254
443,DRK49,OUT049,586.3727
444,DRM23,OUT027,4881.507
445,FDH47,OUT010,219.80473
446,FDZ21,OUT018,1763.527
447,FDI57,OUT017,2449.7627
448,FDK26,OUT019,587.58154
449,FDQ36,OUT035,687.0249
450,FDJ58,OUT019,175.10635
451,FDD45,OUT045,1199.7433
452,FDG50,OUT045,1413.4834
453,FDO36,OUT019,577.58295
454,NCW42,OUT018,3027.7896
455,NCH18,OUT010,495.23755
456,FDY59,OUT027,1960.6652
457,NCO42,OUT045,1182.0696
458,FDM45,OUT017,3097.1997
459,NCV29,OUT010,439.78186
460,FDT08,OUT027,4694.573
461,NCQ43,OUT019,257.35205
462,NCA54,OUT013,2776.2546
463,FDW55,OUT035,3869.93
464,FDI10,OUT027,4907.728
465,NCS53,OUT019,333.00342
466,FDZ35,OUT027,3023.58
467,FDF10,OUT013,533.137
468,FDO38,OUT017,1010.369
469,FDY45,OUT017,884.744
470,FDC40,OUT018,1124.356
471,NCO54,OUT049,635.62085
472,FDQ14,OUT018,742.9945
473,FDM10,OUT013,3448.584
474,DRK23,OUT017,6381.564
475,NCR17,OUT013,1395.4916
476,FDG31,OUT019,279.2557
477,FDH02,OUT045,0.0
478,DRH37,OUT017,2610.1963
479,DRC36,OUT017,4758.211
480,FDB56,OUT045,2363.7175
481,NCK54,OUT045,2215.636
482,NCQ17,OUT013,1812.0579
483,FDM13,OUT018,2084.0244
484,FDT44,OUT018,1593.6779
485,FDO28,OUT019,164.90024
486,NCK07,OUT017,1466.0929
487,NCP05,OUT046,2890.9849
488,FDX11,OUT046,4289.253
489,FDS52,OUT045,2396.4023
490,FDB14,OUT045,3343.0872
491,NCY06,OUT027,4674.2007
492,FDS45,OUT017,3252.3826
493,DRF23,OUT046,2031.953
494,FDD33,OUT027,7178.232
495,NCA53,OUT018,770.0156
496,FDC46,OUT035,4139.962
497,NCW41,OUT035,1994.5162
498,FDZ39,OUT018,2380.9336
499,FDE51,OUT017,757.08105
500,FDG32,OUT027,4974.276
501,NCK07,OUT045,946.81824
502,NCQ41,OUT035,2129.5024
503,FDL36,OUT045,639.91785
504,FDQ26,OUT049,1052.341
505,FDR02,OUT017,3401.8247
506,FDV59,OUT018,1018.9711
507,FDZ33,OUT010,291.53906
508,NCT41,OUT045,1617.7686
509,FDB17,OUT010,616.2427
510,FDN44,OUT046,4158.7534
511,FDE45,OUT013,4681.205
512,FDG47,OUT017,2752.436
513,NCP02,OUT027,2268.1504
514,FDW02,OUT046,2369.2764
515,NCM53,OUT046,2484.7693
516,FDD47,OUT013,1239.1296
517,FDE28,OUT035,3504.9292
518,FDV12,OUT018,1910.3112
519,FDE36,OUT018,3035.0935
520,FDU45,OUT046,1703.6444
521,FDP28,OUT013,6318.168
522,FDH33,OUT045,744.0294
523,FDO44,OUT035,1716.5243
524,FDR07,OUT019,128.10255
525,FDJ45,OUT035,884.9646
526,FDS59,OUT010,125.10427
527,FDU34,OUT013,1979.6528
528,NCL06,OUT010,637.5632
529,FDR37,OUT010,651.27435
530,NCM53,OUT018,1214.3007
531,DRG25,OUT035,8665.608
532,DRE25,OUT049,1046.8456
533,FDZ45,OUT045,3068.883
534,NCV53,OUT010,495.4538
535,FDR55,OUT018,1572.6895
536,FDS47,OUT027,2405.1545
537,DRG27,OUT046,1604.8383
538,FDA02,OUT049,2418.6404
539,FDF45,OUT045,717.9481
540,FDZ58,OUT046,2531.733
541,NCH30,OUT049,1675.0028
542,FDN03,OUT010,809.70575
543,FDH12,OUT049,1330.0933
544,NCH54,OUT010,82.7093
545,DRH01,OUT045,2826.3481
546,FDX01,OUT027,2967.0322
547,FDD34,OUT017,2764.2588
548,FDC53,OUT027,2840.4912
549,FDO28,OUT013,3502.9207
550,DRJ51,OUT017,4943.857
551,FDD14,OUT018,2298.5845
552,FDW35,OUT018,1146.8916
553,NCH18,OUT049,3183.7383
554,FDK20,OUT017,1113.3104
555,FDY47,OUT046,1912.0477
556,FDG32,OUT013,3388.9001
557,FDC20,OUT018,993.604
558,NCS29,OUT035,6684.2476
559,FDG53,OUT035,715.3888
560,FDV26,OUT046,3305.5537
561,FDE40,OUT017,1786.4615
562,FDM02,OUT046,872.08594
563,FDU11,OUT017,1519.1307
564,FDB51,OUT035,774.6969
565,FDQ03,OUT045,4015.8162
566,DRK35,OUT045,527.2042
567,FDZ32,OUT045,1927.8302
568,FDU38,OUT013,3286.7388
569,DRM11,OUT046,7127.3022
570,FDS36,OUT013,1618.6913
571,FDO52,OUT046,2421.2979
572,FDA04,OUT049,4872.019
573,NCE31,OUT018,1066.5404
574,FDC33,OUT035,1516.0236
575,FDS33,OUT045,2090.854
576,NCJ05,OUT017,2172.3943
577,FDN51,OUT017,0.0
578,FDZ10,OUT019,40.834267
579,NCQ30,OUT017,1381.9321
580,FDL09,OUT013,3591.6506
581,FDU03,OUT035,1926.6654
582,FDQ32,OUT019,254.87158
583,FDI38,OUT046,2786.4487
584,FDE36,OUT049,2948.301
585,FDY02,OUT018,3705.9053
586,NCA17,OUT045,1257.4419
587,DRJ25,OUT049,441.89038
588,FDI26,OUT045,2148.8748
589,FDT50,OUT045,1887.2465
590,FDR02,OUT018,1971.2484
591,NCY05,OUT017,853.03326
592,FDI50,OUT013,2161.7622
593,FDW56,OUT018,2032.516
594,FDS32,OUT017,2310.8623
595,FDT48,OUT018,5657.8286
596,FDU57,OUT045,1135.584
597,FDL51,OUT013,4003.7468
598,FDO52,OUT035,1625.358
599,FDS57,OUT019,267.7373
600,FDR22,OUT046,541.3876
601,FDB57,OUT013,4706.579
602,FDA04,OUT013,6266.0864
603,FDM09,OUT010,1264.1931
604,NCQ38,OUT019,110.101875
605,FDP52,OUT018,676.6865
606,DRK11,OUT019,517.9351
607,FDN40,OUT017,1579.2439
608,FDV58,OUT049,1641.9387
609,DRA59,OUT017,1526.8585
610,FDE23,OUT045,2196.2969
611,FDI08,OUT045,664.24963
612,FDE09,OUT019,209.3069
613,FDG09,OUT046,4288.2896
614,FDS57,OUT013,3395.8306
615,FDW15,OUT013,2599.881
616,FDH56,OUT049,957.7423
617,FDM36,OUT017,2301.1191
618,NCQ38,OUT017,1211.0516
619,DRE48,OUT027,2664.5132
620,FDP33,OUT017,3368.4036
621,FDI33,OUT046,1926.9823
622,FDO16,OUT046,1465.4811
623,FDW34,OUT017,4946.132
624,FDM22,OUT019,6.869829
625,NCO07,OUT018,800.5475
626,FDC44,OUT045,876.4856
627,DRB48,OUT049,1016.6743
628,NCV29,OUT013,4665.781
629,FDE28,OUT013,891.5564
630,FDP49,OUT045,719.1644
631,FDX59,OUT045,742.69147
632,FDN60,OUT035,1533.0734
633,DRC36,OUT035,0.0
634,FDE02,OUT019,295.00803
635,NCU29,OUT027,3592.4531
636,NCQ17,OUT010,353.91702
637,DRD12,OUT018,1336.5834
638,FDV45,OUT013,5138.975
639,FDZ02,OUT027,2776.387
640,FDW26,OUT019,514.5894
641,FDN40,OUT013,1372.5659
642,FDR19,OUT027,3873.8508
643,FDD50,OUT035,5329.8154
644,NCD18,OUT046,1591.1547
645,FDA34,OUT013,5469.4814
646,FDR33,OUT045,2466.195
647,FDD39,OUT046,5074.143
648,FDR13,OUT049,1876.301
649,FDA39,OUT027,478.8097
650,FDN01,OUT046,2998.309
651,FDU04,OUT035,690.95264
652,FDV10,OUT045,773.6102
653,NCB30,OUT045,2993.5967
654,FDB38,OUT027,3352.4226
655,FDB22,OUT045,2331.1714
656,NCS30,OUT046,3090.86
657,FDK14,OUT045,1106.9482
658,DRJ35,OUT046,1123.5631
659,FDX19,OUT017,3022.7827
660,FDX60,OUT018,1097.8992
661,FDS01,OUT045,2499.518
662,NCT41,OUT035,3476.644
663,DRE27,OUT035,1488.953
664,FDY45,OUT049,4686.936
665,FDB56,OUT027,4483.618
666,FDS36,OUT046,1070.6594
667,FDF59,OUT049,1923.7504
668,FDD11,OUT035,0.0
669,FDY40,OUT017,292.2079
670,FDA13,OUT019,0.0
671,NCX42,OUT019,335.3106
672,FDJ46,OUT035,2998.0195
673,FDH05,OUT046,0.0
674,NCP50,OUT046,1164.305
675,FDF28,OUT027,2618.9443
676,FDN60,OUT018,1564.1576
677,FDD29,OUT013,5404.1816
678,FDG58,OUT017,2344.6743
679,FDV15,OUT027,2235.2837
680,FDV04,OUT013,2721.1333
681,DRJ23,OUT013,2559.378
682,FDA11,OUT027,1637.2765
683,FDX16,OUT045,2507.536
684,NCA41,OUT049,5662.508
685,FDP36,OUT013,551.3278
686,FDK16,OUT035,1233.0905
687,FDD34,OUT035,2438.3027
688,FDI56,OUT010,124.48324
689,NCO18,OUT017,3023.933
690,FDB46,OUT035,2257.6924
691,FDN38,OUT045,4580.221
692,FDW47,OUT045,1928.0449
693,FDQ08,OUT019,163.94193
694,FDR44,OUT035,2069.833
695,DRH23,OUT045,1301.8179
696,FDX01,OUT045,2082.0571
697,FDB05,OUT027,5778.1396
698,FDR08,OUT046,2352.3433
699,FDZ36,OUT017,3087.2544
700,FDI05,OUT046,1503.7784
701,FDF24,OUT049,1600.7925
702,FDZ48,OUT017,1996.3569
703,DRL37,OUT027,1197.548
704,FDM10,OUT035,5344.5576
705,FDP11,OUT019,425.74023
706,FDQ04,OUT049,642.8292
707,FDR49,OUT018,574.39233
708,FDD35,OUT027,2785.852
709,FDH41,OUT019,605.36676
710,FDO34,OUT045,1785.7289
711,FDL45,OUT017,2483.1138
712,NCC19,OUT013,2836.9443
713,FDY10,OUT027,2984.57
714,NCV29,OUT049,4475.3066
715,FDC22,OUT013,1901.3436
716,NCP42,OUT045,4421.891
717,NCX17,OUT017,2185.0947
718,NCO26,OUT049,1634.0345
719,FDU45,OUT019,188.83385
720,FDR34,OUT049,3129.7969
721,FDV35,OUT018,1001.0388
722,FDS55,OUT027,3970.6445
723,FDS28,OUT045,702.55054
724,FDK15,OUT035,2405.3005
725,NCP17,OUT046,886.3409
726,NCE42,OUT018,6319.4116
727,FDA14,OUT049,3573.8962
728,FDF57,OUT019,328.80353
729,NCV54,OUT019,230.883
730,FDR10,OUT010,222.77417
731,FDT58,OUT017,1433.3622
732,FDC34,OUT019,231.8472
733,FDU44,OUT018,1885.9382
734,FDY08,OUT010,130.42151
735,FDK20,OUT019,245.51154
736,FDV50,OUT017,1990.861
737,FDO25,OUT049,6189.019
738,FDR14,OUT027,1534.8324
739,FDP27,OUT018,2395.501
740,FDB27,OUT035,4258.892
741,FDW26,OUT049,3315.2007
742,NCQ50,OUT035,4937.6465
743,NCL55,OUT035,7142.434
744,FDG28,OUT046,2868.5708
745,FDO31,OUT027,1607.1654
746,FDP27,OUT027,4020.229
747,FDR01,OUT017,4839.6914
748,FDI08,OUT046,1522.5543
749,DRE03,OUT049,406.26233
750,FDV26,OUT018,2166.2327
751,DRM49,OUT013,610.2907
752,FDI15,OUT035,2695.6106
753,FDM15,OUT045,3960.4626
754,FDH47,OUT035,1144.1178
755,NCT54,OUT013,697.72253
756,DRN11,OUT045,1517.1293
757,FDU10,OUT018,284.40808
758,FDU50,OUT045,1213.498
759,FDS26,OUT010,479.266
760,FDC14,OUT018,1091.4437
761,FDB17,OUT027,4782.1987
762,DRD25,OUT010,672.9514
763,DRI39,OUT027,2071.916
764,NCQ06,OUT049,5478.244
765,FDX11,OUT013,3160.8416
766,NCT29,OUT019,300.78076
767,FDS07,OUT017,1314.4601
768,NCQ05,OUT035,2263.0562
769,FDC35,OUT018,567.16956
770,FDU47,OUT045,1755.1013
771,FDE22,OUT010,591.5111
772,FDA03,OUT013,1710.7128
773,FDY26,OUT010,345.26956
774,FDZ26,OUT049,4522.261
775,FDQ24,OUT013,6462.6157
776,FDT14,OUT035,2203.9873
777,FDX04,OUT045,242.1034
778,FDC48,OUT046,792.0814
779,FDC56,OUT035,1966.3964
780,FDU19,OUT049,1936.0828
781,FDT55,OUT049,3938.046
782,FDA45,OUT013,1790.5568
783,FDR51,OUT017,2081.3232
784,FDF56,OUT010,935.07135
785,FDK45,OUT013,2664.0288
786,DRN37,OUT013,4225.976
787,NCN26,OUT035,2896.491
788,FDA19,OUT049,1922.5808
789,NCR06,OUT035,538.15027
790,FDJ48,OUT010,897.22095
791,NCA05,OUT046,2327.6694
792,FDP04,OUT046,1764.5813
793,FDA47,OUT046,2727.6267
794,FDI09,OUT045,5116.445
795,FDU24,OUT019,690.7281
796,FDI36,OUT018,4055.7002
797,FDC11,OUT013,174.79065
798,FDY38,OUT049,5418.6104
799,FDF56,OUT027,2887.8137
800,FDB44,OUT027,7260.559
801,FDI15,OUT046,2523.5435
802,FDY59,OUT035,2640.183
803,FDX34,OUT018,1902.3888
804,FDC52,OUT019,319.587
805,NCW29,OUT013,2962.708
806,FDS40,OUT027,754.5062
807,FDI40,OUT018,1137.0443
808,FDN48,OUT035,2687.5247
809,FDN46,OUT013,0.0
810,FDB41,OUT035,853.8832
811,FDT55,OUT035,3120.0388
812,FDI22,OUT027,4940.552
813,FDY16,OUT045,4779.8647
814,FDN33,OUT049,1525.7128
815,FDT57,OUT035,2860.2246
816,FDZ31,OUT027,5414.6396
817,DRM48,OUT049,0.0
818,NCL19,OUT045,3228.5085
819,FDG50,OUT013,2112.997
820,DRH25,OUT045,789.58276
821,FDB37,OUT027,3150.7307
822,FDW59,OUT017,1440.5758
823,NCR30,OUT049,1981.1622
824,FDY22,OUT046,3718.8706
825,FDB45,OUT019,183.87863
826,FDC08,OUT027,5863.592
827,NCK53,OUT010,231.1535
828,FDM27,OUT049,3528.658
829,FDG17,OUT018,0.0
830,NCT17,OUT017,2896.0386
831,FDZ14,OUT017,2011.1259
832,FDJ28,OUT010,322.75204
833,FDV21,OUT018,1508.7893
834,DRD24,OUT010,236.12619
835,DRF25,OUT049,121.75507
836,FDN22,OUT018,3795.0903
837,FDV04,OUT010,521.58105
838,FDL34,OUT018,2188.6846
839,FDX58,OUT035,4243.031
840,FDG12,OUT018,2927.6511
841,NCL53,OUT045,3240.8403
842,FDV47,OUT018,986.5659
843,FDA43,OUT027,6311.56
844,NCM17,OUT017,396.0473
845,NCQ02,OUT049,3334.4321
846,FDN12,OUT017,1620.0862
847,NCX06,OUT019,204.56137
848,FDE24,OUT045,1548.3468
849,FDQ58,OUT018,1886.1117
850,FDH31,OUT049,2365.0913
851,NCH55,OUT018,2022.102
852,NCC54,OUT049,3778.7336
853,NCT06,OUT019,407.71484
854,FDH56,OUT019,250.37723
855,FDY46,OUT017,3175.727
856,NCM19,OUT013,2906.6475
857,FDB04,OUT027,2770.0945
858,FDB09,OUT035,657.7269
859,FDK51,OUT027,7498.914
860,FDB33,OUT019,461.73062
861,FDU51,OUT035,1275.1603
862,NCE30,OUT019,542.3778
863,DRI13,OUT018,655.3886
864,FDV32,OUT045,1939.5775
865,DRH51,OUT049,1348.2286
866,NCW18,OUT013,3843.9849
867,FDI12,OUT049,1537.0863
868,FDQ14,OUT035,2477.7764
869,FDQ55,OUT027,2623.8555
870,FDG26,OUT013,2223.4531
871,NCW29,OUT019,194.78677
872,FDK27,OUT035,2335.7852
873,DRL49,OUT035,3789.1655
874,FDK26,OUT049,1787.0674
875,FDT14,OUT027,2740.8162
876,FDW19,OUT010,241.10545
877,FDF22,OUT017,2060.711
878,NCQ43,OUT049,1344.8246
879,NCA42,OUT027,4991.1313
880,FDG08,OUT019,66.91096
881,NCP17,OUT010,204.81825
882,FDS19,OUT046,655.91046
883,DRQ35,OUT018,1853.7743
884,FDR25,OUT046,2502.4783
885,NCB43,OUT013,1431.5026
886,FDQ28,OUT017,3008.901
887,FDK24,OUT046,909.34924
888,NCN06,OUT035,2964.604
889,FDS08,OUT035,2976.3157
890,FDP27,OUT013,1378.0553
891,FDE11,OUT010,722.01746
892,NCX30,OUT046,3219.0642
893,DRI51,OUT017,3467.564
894,FDH31,OUT019,269.16666
895,FDR19,OUT046,3304.918
896,FDJ04,OUT013,2427.0603
897,FDP01,OUT017,706.1818
898,FDY35,OUT018,1292.1462
899,DRC36,OUT013,4451.6333
900,FDZ55,OUT017,1359.2933
901,FDD11,OUT013,2727.8945
902,NCJ29,OUT018,1152.8635
903,FDI52,OUT035,2074.388
904,NCF06,OUT046,6009.644
905,FDG16,OUT046,3328.769
906,FDX07,OUT049,3332.4087
907,FDR14,OUT046,1127.6829
908,FDV36,OUT010,209.45758
909,NCP14,OUT018,1487.7028
910,FDJ12,OUT013,2493.7476
911,FDL46,OUT018,896.0038
912,FDL21,OUT045,781.2152
913,NCA30,OUT013,1498.5864
914,NCN26,OUT013,1658.8999
915,FDJ10,OUT035,2330.0396
916,NCE18,OUT018,2133.833
917,FDW21,OUT013,1916.7847
918,FDA55,OUT013,7610.329
919,NCX30,OUT027,4425.5356
920,FDA20,OUT027,5496.5283
921,FDT20,OUT013,326.66617
922,FDR11,OUT049,1902.2028
923,FDU26,OUT018,1156.0138
924,NCY54,OUT046,3319.3745
925,FDP26,OUT046,1643.0002
926,FDK58,OUT049,2329.9636
927,NCK53,OUT046,1200.0901
928,FDY52,OUT013,575.1223
929,NCU30,OUT045,2273.7385
930,NCA18,OUT013,3075.1106
931,FDX40,OUT017,0.0
932,FDX13,OUT046,2457.9502
933,FDK36,OUT027,0.0
934,NCP55,OUT019,205.82442
935,FDO56,OUT019,240.3443
936,NCT06,OUT018,1843.232
937,FDX45,OUT019,220.81528
938,NCJ06,OUT013,2550.312
939,NCA41,OUT046,2881.1401
940,NCB42,OUT027,2325.2454
941,FDE29,OUT013,839.94434
942,FDU24,OUT013,2225.123
943,FDM58,OUT013,2239.0884
944,FDE44,OUT046,366.82288
945,DRH39,OUT046,1248.0616
946,FDU33,OUT019,165.0014
947,FDW08,OUT049,1208.9673
948,NCT30,OUT010,102.18272
949,NCI54,OUT046,1854.7887
950,FDS16,OUT045,4002.2126
951,DRK39,OUT027,2492.4326
952,FDP24,OUT010,159.77046
953,NCG18,OUT035,1976.5082
954,DRI59,OUT027,6092.214
955,NCO06,OUT013,341.12204
956,FDR15,OUT017,3805.16
957,FDE29,OUT027,1549.693
958,FDN49,OUT035,1094.4861
959,FDQ21,OUT013,1859.1655
960,FDE17,OUT035,879.4829
961,NCI42,OUT018,2908.9067
962,FDZ21,OUT017,1569.7067
963,FDX48,OUT018,0.0
964,FDH26,OUT045,1689.3219
965,FDD50,OUT049,4115.2607
966,FDL40,OUT010,139.22597
967,NCO02,OUT027,1972.7538
968,FDF05,OUT013,6759.691
969,DRG25,OUT013,2566.587
970,NCA41,OUT017,2671.3096
971,FDZ40,OUT045,559.6376
972,FDT15,OUT019,199.6795
973,FDP46,OUT035,1109.6858
974,DRG01,OUT019,148.14757
975,FDR23,OUT013,2735.0625
976,FDF09,OUT045,543.50934
977,FDK09,OUT027,4810.035
978,DRJ11,OUT035,4833.655
979,FDI32,OUT049,2372.2979
980,NCG42,OUT018,2693.9324
981,FDA51,OUT046,1287.6735
982,FDG57,OUT010,31.112768
983,FDG34,OUT035,1443.2117
984,NCI43,OUT017,509.77454
985,NCY53,OUT046,2369.3857
986,FDC33,OUT013,1695.7206
987,NCK29,OUT049,1908.7422
988,FDS50,OUT017,5203.4155
989,NCJ30,OUT045,2023.9115
990,FDQ07,OUT027,6488.0205
991,FDI20,OUT010,509.2812
992,NCM06,OUT027,2191.2998
993,FDL15,OUT019,242.66322
994,NCL29,OUT010,537.14264
995,FDB32,OUT017,2659.3516
996,FDJ16,OUT049,507.2168
997,FDJ32,OUT045,836.2925
998,FDO12,OUT035,6217.2944
999,NCB18,OUT046,2432.0615
1000,FDO37,OUT027,3930.724
1001,FDV13,OUT013,899.8168
1002,FDF52,OUT010,579.5611
1003,FDY11,OUT049,730.6839
1004,FDL20,OUT017,1718.0022
1005,FDS45,OUT045,3066.3994
1006,DRJ13,OUT018,2016.4491
1007,FDR37,OUT049,3512.5771
1008,FDS23,OUT019,693.579
1009,FDX13,OUT018,3946.167
1010,FDT49,OUT045,1167.7721
1011,FDY13,OUT049,584.33417
1012,FDD47,OUT010,1157.3112
1013,FDF20,OUT010,27.304815
1014,FDS32,OUT035,1703.8246
1015,FDJ44,OUT027,2723.2651
1016,NCY30,OUT013,1960.0618
1017,FDK33,OUT019,0.0
1018,FDO31,OUT046,1604.901
1019,FDG10,OUT019,264.572
1020,DRI49,OUT018,942.484
1021,NCA05,OUT049,2513.9475
1022,FDZ13,OUT046,582.9912
1023,DRI25,OUT017,962.93896
1024,NCA29,OUT010,0.0
1025,FDX43,OUT010,0.0
1026,FDZ08,OUT049,945.6992
1027,FDC58,OUT035,366.54993
1028,NCD54,OUT027,3092.3347
1029,FDM24,OUT035,2654.3792
1030,FDS12,OUT035,2587.6829
1031,NCN55,OUT018,4100.637
1032,NCP06,OUT046,2296.5818
1033,FDB41,OUT045,492.9071
1034,FDJ16,OUT046,1188.3727
1035,NCB18,OUT019,160.85394
1036,FDH38,OUT035,1342.7078
1037,FDE59,OUT010,0.0
1038,NCF30,OUT049,3301.5977
1039,FDE35,OUT027,1640.7711
1040,FDP49,OUT019,30.834097
1041,NCQ05,OUT027,3192.2688
1042,FDP49,OUT013,97.048225
1043,FDT12,OUT018,6400.467
1044,NCM06,OUT010,530.5581
1045,FDV23,OUT018,1205.9895
1046,FDA44,OUT049,470.3341
1047,DRD27,OUT013,566.8374
1048,NCK53,OUT013,1218.526
1049,NCF19,OUT018,574.6322
1050,NCY18,OUT049,3824.2393
1051,FDN56,OUT027,4818.6274
1052,NCI55,OUT049,2734.651
1053,FDB28,OUT013,3938.6228
1054,NCA18,OUT045,1590.6996
1055,FDC46,OUT046,2889.461
1056,NCZ42,OUT035,5630.556
1057,DRA59,OUT027,8280.206
1058,DRB25,OUT018,1469.024
1059,FDE24,OUT027,4370.2134
1060,FDA57,OUT013,774.01355
1061,FDZ46,OUT017,2376.4387
1062,FDX39,OUT010,53.33515
1063,FDW35,OUT049,460.15918
1064,FDZ55,OUT027,3732.8672
1065,FDI04,OUT013,2120.804
1066,FDU46,OUT027,2225.8894
1067,FDE14,OUT049,1351.9225
1068,FDX23,OUT013,1034.6112
1069,NCN18,OUT035,1613.8661
1070,FDR02,OUT049,2632.3967
1071,FDH04,OUT046,2355.0747
1072,FDZ51,OUT010,360.60254
1073,FDR15,OUT046,3297.122
1074,NCQ30,OUT049,2227.2063
1075,FDW45,OUT049,4040.9448
1076,FDQ52,OUT035,2161.649
1077,FDM01,OUT027,2823.355
1078,FDE21,OUT045,1592.8217
1079,FDH28,OUT035,334.16705
1080,FDQ56,OUT010,89.65065
1081,DRM49,OUT049,1262.6416
1082,NCI29,OUT027,3791.6404
1083,FDW44,OUT045,2420.86
1084,FDR10,OUT049,1383.3789
1085,FDO60,OUT035,0.0
1086,FDG08,OUT017,3641.3623
1087,FDP10,OUT045,1311.8801
1088,FDG45,OUT017,693.60693
1089,DRM47,OUT018,940.23096
1090,FDO40,OUT027,4204.2886
1091,DRE37,OUT018,5825.4927
1092,FDX13,OUT013,1864.8715
1093,FDE21,OUT027,3513.9126
1094,NCU53,OUT010,136.46378
1095,NCH07,OUT010,46.07572
1096,FDJ07,OUT017,1383.7671
1097,FDB46,OUT049,6771.8794
1098,DRL01,OUT035,6013.7344
1099,FDN57,OUT019,359.8243
1100,FDO38,OUT027,1997.9987
1101,FDA45,OUT045,0.0
1102,FDP27,OUT019,360.8808
1103,DRG36,OUT013,2281.8818
1104,DRL47,OUT046,2069.5244
1105,NCA05,OUT019,164.52171
1106,FDL38,OUT013,812.9121
1107,FDC32,OUT035,2057.2231
1108,NCI06,OUT045,4383.5894
1109,FDI05,OUT049,987.70886
1110,FDR52,OUT017,3130.0623
1111,FDU26,OUT017,1364.9114
1112,FDG33,OUT017,1994.6351
1113,FDE38,OUT046,3875.3376
1114,FDI35,OUT035,3015.4297
1115,FDN23,OUT013,4011.549
1116,NCP54,OUT035,1764.1176
1117,FDO39,OUT013,2412.9636
1118,NCT17,OUT013,2954.531
1119,NCK30,OUT035,4158.9487
1120,FDM24,OUT027,5119.195
1121,FDA35,OUT046,679.68805
1122,NCM07,OUT013,1906.9467
1123,FDD09,OUT017,3381.8835
1124,FDW07,OUT017,348.08606
1125,FDM27,OUT027,1616.3048
1126,NCY53,OUT018,1992.8372
1127,FDA10,OUT017,2277.0344
1128,DRB24,OUT035,3672.0464
1129,NCN53,OUT027,942.8419
1130,FDA31,OUT045,1638.9695
1131,FDE24,OUT017,1598.61
1132,FDA04,OUT018,4230.5747
1133,FDV26,OUT045,3364.4363
1134,FDF40,OUT027,7513.9653
1135,FDH34,OUT027,4880.2324
1136,FDO16,OUT010,249.53665
1137,FDZ43,OUT046,4951.2363
1138,DRJ51,OUT049,639.3734
1139,NCL07,OUT019,0.0
1140,FDU58,OUT035,3640.7385
1141,FDI26,OUT035,4609.386
1142,FDG24,OUT017,2913.9753
1143,NCM19,OUT046,2987.3596
1144,NCO29,OUT049,2649.082
1145,NCM05,OUT010,147.10504
1146,NCE07,OUT046,4681.9775
1147,FDR10,OUT017,3487.7417
1148,FDO12,OUT049,3763.0627
1149,FDC17,OUT046,286.3722
1150,FDF34,OUT010,806.47266
1151,FDO22,OUT018,345.44226
1152,FDT52,OUT035,1914.6476
1153,FDR24,OUT027,2234.4866
1154,FDP08,OUT046,4326.8413
1155,FDF39,OUT046,2369.7852
1156,NCQ06,OUT013,4582.8955
1157,FDR04,OUT013,2717.1423
1158,FDQ32,OUT035,1936.8198
1159,DRD15,OUT010,990.94653
1160,FDB02,OUT018,2128.061
1161,NCS18,OUT018,702.6876
1162,NCS30,OUT010,245.1358
1163,FDN15,OUT045,2661.7437
1164,NCL31,OUT017,2307.7712
1165,FDV31,OUT010,548.0002
1166,FDF38,OUT013,464.3825
1167,DRK59,OUT010,949.928
1168,DRJ24,OUT049,6034.3374
1169,FDW51,OUT027,7742.346
1170,FDN49,OUT046,1856.726
1171,FDE20,OUT017,3046.1885
1172,FDV38,OUT045,1137.3163
1173,FDH60,OUT017,1084.1436
1174,NCD55,OUT049,711.6179
1175,FDU13,OUT017,3071.1172
1176,FDZ07,OUT049,916.93097
1177,FDY13,OUT045,1575.7623
1178,FDP56,OUT045,161.9953
1179,DRA59,OUT019,297.96606
1180,FDY40,OUT013,741.0443
1181,FDW40,OUT046,3818.809
1182,NCW17,OUT035,2002.5591
1183,DRN37,OUT049,4767.0347
1184,FDZ19,OUT027,4591.5063
1185,FDW34,OUT013,3827.9885
1186,FDC28,OUT027,3372.4011
1187,FDB29,OUT017,815.3402
1188,FDE26,OUT049,1647.2933
1189,FDG45,OUT035,4235.04
1190,NCC18,OUT017,1828.239
1191,NCU54,OUT018,0.0
1192,FDF26,OUT017,2041.2992
1193,FDX52,OUT035,3930.6697
1194,FDR04,OUT017,606.4575
1195,NCP06,OUT017,2370.942
1196,FDN25,OUT049,693.65326
1197,NCH42,OUT018,1459.5328
1198,FDO46,OUT013,3328.4207
1199,NCG54,OUT046,3248.6265
1200,FDU07,OUT013,1095.6006
1201,DRJ11,OUT045,2492.4292
1202,FDH10,OUT049,2493.0928
1203,FDN56,OUT046,1388.7948
1204,FDY56,OUT019,462.3747
1205,NCQ53,OUT013,4798.9116
1206,NCN54,OUT045,1267.0897
1207,NCC43,OUT049,4108.233
1208,FDB35,OUT019,47.45734
1209,FDX33,OUT013,2512.379
1210,NCT06,OUT035,2677.1216
1211,FDM50,OUT018,637.6514
1212,FDC37,OUT049,854.45056
1213,NCT54,OUT018,1513.6515
1214,FDG34,OUT027,4245.7354
1215,NCW54,OUT046,448.9897
1216,FDZ46,OUT018,1423.3566
1217,NCK19,OUT045,3338.6104
1218,NCQ05,OUT045,2407.4573
1219,NCE54,OUT035,2032.8182
1220,FDH17,OUT049,1347.5363
1221,FDB23,OUT019,1747.4452
1222,DRL49,OUT046,1713.7523
1223,FDT03,OUT046,1350.0548
1224,FDW59,OUT045,1152.7504
1225,NCB18,OUT045,1541.6823
1226,FDI22,OUT017,3407.8066
1227,FDZ50,OUT017,1466.517
1228,FDS14,OUT017,3342.8276
1229,NCN19,OUT017,4217.9526
1230,FDG46,OUT045,2127.7703
1231,FDS04,OUT017,1550.8059
1232,FDM58,OUT049,1373.269
1233,FDB60,OUT049,3189.593
1234,FDH28,OUT018,0.0
1235,NCU53,OUT045,1662.1556
1236,FDL44,OUT013,1949.9442
1237,FDI22,OUT013,2769.1318
1238,DRM37,OUT019,955.99927
1239,FDX40,OUT045,653.80994
1240,DRG15,OUT035,786.328
1241,FDV19,OUT019,460.73935
1242,DRF01,OUT013,2280.2656
1243,NCV54,OUT046,1775.8989
1244,FDO21,OUT018,3645.2947
1245,FDA40,OUT049,900.7716
1246,FDE59,OUT049,0.0
1247,FDX47,OUT018,2515.7954
1248,FDW34,OUT046,6018.928
1249,NCM30,OUT018,572.0033
1250,FDA02,OUT013,3081.9736
1251,FDV19,OUT035,2562.3176
1252,FDT48,OUT013,4513.9897
1253,FDD09,OUT045,2988.239
1254,FDZ25,OUT045,1516.8992
1255,NCE19,OUT035,854.0842
1256,DRE25,OUT046,1147.5178
1257,FDC14,OUT027,784.99695
1258,FDO15,OUT027,1471.6598
1259,FDC46,OUT017,2326.4077
1260,NCX42,OUT035,1222.1451
1261,FDK52,OUT027,6270.888
1262,FDD04,OUT019,369.0728
1263,FDF12,OUT046,1612.3901
1264,NCL41,OUT049,583.98517
1265,NCW41,OUT046,2386.649
1266,FDO60,OUT010,145.5815
1267,FDZ55,OUT018,1769.4891
1268,FDZ59,OUT010,897.1133
1269,FDO24,OUT027,3826.814
1270,FDW14,OUT018,1053.4152
1271,FDD40,OUT013,1862.5942
1272,FDJ38,OUT049,6035.7646
1273,NCO54,OUT017,1397.4568
1274,FDJ10,OUT045,2510.1975
1275,FDK27,OUT017,1553.0148
1276,FDR09,OUT049,4224.321
1277,FDO60,OUT018,724.62366
1278,FDX50,OUT027,3334.8018
1279,FDR44,OUT027,2595.7634
1280,FDD17,OUT017,4591.2686
1281,FDI60,OUT018,1337.308
1282,FDH31,OUT046,1495.4088
1283,FDL50,OUT017,2136.4685
1284,FDO21,OUT017,6969.029
1285,FDW12,OUT046,2955.8667
1286,FDT15,OUT049,3677.6113
1287,FDV25,OUT049,4180.122
1288,DRH13,OUT045,2162.7266
1289,FDG21,OUT049,3899.7415
1290,NCI55,OUT035,2476.6494
1291,NCO06,OUT027,382.08704
1292,FDR27,OUT045,3048.7275
1293,FDA22,OUT027,5403.7925
1294,FDS03,OUT035,1346.7152
1295,FDZ12,OUT018,3241.6406
1296,FDJ20,OUT010,289.16956
1297,FDV09,OUT013,2368.6094
1298,FDW09,OUT049,1240.3229
1299,FDS36,OUT049,1658.9244
1300,FDY19,OUT018,1240.8618
1301,DRC49,OUT046,2825.489
1302,FDN12,OUT045,1374.3251
1303,FDJ03,OUT018,166.25684
1304,FDC46,OUT049,3062.3066
1305,FDM02,OUT018,677.7006
1306,FDV20,OUT013,2026.1351
1307,NCH07,OUT045,2159.7458
1308,FDL28,OUT019,603.88574
1309,FDJ46,OUT027,3995.4912
1310,FDQ34,OUT013,1535.0804
1311,NCD42,OUT027,1060.3109
1312,FDO34,OUT018,3843.8115
1313,FDX60,OUT017,405.35925
1314,FDZ28,OUT017,1923.2314
1315,FDT36,OUT013,455.75024
1316,FDL24,OUT018,5319.1445
1317,FDJ58,OUT013,2159.99
1318,FDY12,OUT018,696.0886
1319,FDP58,OUT018,2003.6349
1320,FDC41,OUT027,1162.0487
1321,FDY07,OUT013,622.27264
1322,FDN08,OUT017,837.64087
1323,FDJ53,OUT027,3946.7402
1324,FDX04,OUT046,960.5182
1325,FDZ19,OUT046,1982.3508
1326,FDB45,OUT046,1840.7651
1327,NCF54,OUT010,145.87187
1328,FDX21,OUT045,2547.5588
1329,FDA50,OUT046,884.37756
1330,DRH39,OUT017,805.9817
1331,FDA38,OUT013,5259.3804
1332,NCP30,OUT013,366.08142
1333,FDW19,OUT049,1091.3954
1334,FDF41,OUT027,6659.56
1335,DRF23,OUT035,3171.0557
1336,NCP14,OUT017,2165.7844
1337,FDK44,OUT027,4318.6753
1338,DRA59,OUT018,3150.9097
1339,FDC28,OUT045,1481.2124
1340,NCO53,OUT049,4185.569
1341,FDY55,OUT019,398.65594
1342,NCS54,OUT045,2863.2556
1343,NCM07,OUT017,1140.2379
1344,FDQ19,OUT010,1953.3951
1345,FDS40,OUT013,671.12933
1346,FDC14,OUT013,0.0
1347,FDR12,OUT018,5445.147
1348,FDM60,OUT013,210.2387
1349,FDG26,OUT049,3719.316
1350,NCL55,OUT045,5137.805
1351,FDO21,OUT035,6155.7046
1352,NCG18,OUT013,2542.7542
1353,FDA27,OUT046,4158.5796
1354,DRG03,OUT010,103.55654
1355,FDC22,OUT046,4775.3784
1356,FDC21,OUT010,0.0
1357,FDN50,OUT018,2053.3052
1358,DRF27,OUT013,2899.0022
1359,FDW57,OUT017,2204.3481
1360,FDM34,OUT010,260.9574
1361,FDZ39,OUT027,3528.5913
1362,FDU28,OUT019,555.8522
1363,FDQ27,OUT046,4254.869
1364,FDQ52,OUT017,3678.055
1365,FDT51,OUT013,2988.052
1366,NCI30,OUT045,3547.2402
1367,NCX29,OUT010,268.8681
1368,FDX38,OUT019,56.248535
1369,FDO08,OUT017,2883.2097
1370,FDM15,OUT018,2217.3088
1371,FDW22,OUT018,6679.0874
1372,FDT08,OUT017,2526.3096
1373,FDS32,OUT046,2118.9321
1374,NCI06,OUT018,1949.9994
1375,FDR21,OUT027,4812.5205
1376,FDD05,OUT046,1502.0217
1377,FDZ02,OUT045,2375.9255
1378,FDH47,OUT049,1453.3882
1379,FDM58,OUT017,1143.4347
1380,FDG09,OUT045,2753.2952
1381,FDO27,OUT049,1074.7955
1382,FDI41,OUT018,871.65326
1383,FDK34,OUT035,1023.6063
1384,NCX54,OUT027,1969.0118
1385,FDL14,OUT049,2007.881
1386,FDA13,OUT018,234.65833
1387,FDS11,OUT019,0.0
1388,FDT43,OUT017,726.29236
1389,FDR07,OUT018,2221.1504
1390,FDF41,OUT018,2530.6167
1391,DRM23,OUT049,3436.245
1392,FDO52,OUT018,1152.1266
1393,FDD10,OUT045,287.98206
1394,FDN38,OUT019,582.1814
1395,FDE17,OUT046,1561.5756
1396,FDZ03,OUT018,1118.1139
1397,FDD03,OUT017,5447.812
1398,NCW18,OUT027,5308.815
1399,DRG36,OUT027,5653.5215
1400,FDT43,OUT010,189.07648
1401,NCU17,OUT018,1656.5029
1402,FDH50,OUT046,577.4977
1403,FDU57,OUT013,2179.9814
1404,FDA56,OUT027,4509.0845
1405,FDZ15,OUT017,1863.3691
1406,FDY51,OUT049,774.96204
1407,DRF03,OUT046,660.473
1408,NCV06,OUT017,2275.615
1409,FDA21,OUT013,2898.8342
1410,NCQ53,OUT027,7285.1016
1411,NCO29,OUT027,4996.1934
1412,FDT26,OUT018,445.0929
1413,FDI21,OUT035,532.70856
1414,NCI55,OUT013,2042.1237
1415,FDZ04,OUT010,233.08835
1416,FDL27,OUT046,1705.5939
1417,FDS45,OUT035,2781.3857
1418,NCG43,OUT019,138.34273
1419,FDU28,OUT018,2263.3635
1420,FDO20,OUT013,5411.7627
1421,NCG55,OUT013,1801.4602
1422,NCM42,OUT017,2454.4214
1423,NCG07,OUT018,2585.6902
1424,NCQ29,OUT019,538.105
1425,NCV05,OUT010,459.3591
1426,NCO02,OUT018,344.44983
1427,FDH19,OUT018,1566.8237
1428,DRG13,OUT017,2566.5005
1429,FDI57,OUT035,2574.092
1430,FDX51,OUT045,3832.1492
1431,FDW33,OUT049,1925.7836
1432,DRE12,OUT013,2634.4932
1433,FDY31,OUT035,2830.993
1434,FDR31,OUT049,2930.2432
1435,FDS55,OUT035,1461.1571
1436,DRL60,OUT035,3958.565
1437,FDW55,OUT010,195.72421
1438,FDT11,OUT010,759.4812
1439,FDO50,OUT046,1223.618
1440,FDD28,OUT049,611.43555
1441,FDN28,OUT017,1549.0862
1442,FDS35,OUT018,603.59656
1443,FDB38,OUT035,1506.0289
1444,FDT07,OUT018,2726.6694
1445,FDC53,OUT046,1307.0918
1446,NCT41,OUT046,2879.5386
1447,FDR40,OUT027,1108.8292
1448,FDH32,OUT018,1276.9344
1449,FDN60,OUT045,2296.4912
1450,FDR33,OUT035,2578.2122
1451,FDB59,OUT027,3299.6653
1452,FDS07,OUT046,2025.5785
1453,FDD02,OUT013,2872.1362
1454,FDH05,OUT035,3589.9082
1455,FDR04,OUT049,1788.6144
1456,DRJ47,OUT046,1929.3955
1457,FDW50,OUT018,1535.6296
1458,NCJ17,OUT018,1007.81635
1459,FDH60,OUT045,655.20496
1460,DRL60,OUT045,2412.9236
1461,FDS32,OUT010,60.452236
1462,FDM58,OUT027,2411.7986
1463,FDK10,OUT017,1799.4492
1464,NCS30,OUT035,2854.2805
1465,FDY15,OUT017,1836.0774
1466,FDC53,OUT013,2207.4365
1467,FDK45,OUT046,2803.0552
1468,FDH26,OUT018,638.756
1469,NCW06,OUT010,597.95325
1470,FDV37,OUT013,2852.3286
1471,FDB52,OUT045,4122.6777
1472,FDF41,OUT046,4175.2334
1473,FDA39,OUT049,1048.3141
1474,FDE56,OUT035,606.01935
1475,FDC56,OUT018,2078.479
1476,FDT26,OUT045,2189.6018
1477,FDR21,OUT017,2168.5552
1478,FDC14,OUT046,676.6416
1479,FDI32,OUT035,2391.4924
1480,FDI02,OUT035,2576.8342
1481,FDE22,OUT018,2453.9697
1482,FDW26,OUT046,4969.4873
1483,FDA36,OUT019,2580.6929
1484,NCS06,OUT027,5208.4185
1485,NCX05,OUT035,1845.6263
1486,FDU19,OUT035,3179.2107
1487,FDA49,OUT035,1925.3207
1488,NCZ42,OUT049,2109.9126
1489,FDX32,OUT010,140.1504
1490,FDR01,OUT013,4045.4976
1491,FDQ15,OUT013,1592.1996
1492,FDQ14,OUT019,491.6657
1493,FDS56,OUT035,3670.9758
1494,DRJ24,OUT018,5550.601
1495,FDG52,OUT027,1851.2552
1496,FDF59,OUT017,1617.4022
1497,DRM49,OUT017,893.81055
1498,NCP02,OUT013,454.75208
1499,FDW13,OUT045,489.49597
1500,FDV12,OUT017,610.0875
1501,FDH14,OUT017,2677.4336
1502,FDQ20,OUT017,510.13116
1503,FDT45,OUT013,736.4564
1504,NCM26,OUT019,205.29163
1505,FDJ22,OUT027,4355.796
1506,FDD29,OUT017,3068.2346
1507,FDA13,OUT045,683.5663
1508,FDV47,OUT035,757.3911
1509,FDS57,OUT046,2909.0771
1510,DRG36,OUT035,2648.4468
1511,FDK38,OUT027,3011.7893
1512,DRJ49,OUT035,1384.2468
1513,FDR37,OUT035,2116.7803
1514,NCS53,OUT035,3461.944
1515,FDR22,OUT018,1512.5782
1516,NCP42,OUT018,1503.7761
1517,FDK38,OUT010,346.97214
1518,NCC43,OUT046,3860.609
1519,FDH57,OUT049,3012.9722
1520,FDQ25,OUT035,1710.1547
1521,FDA11,OUT046,637.79504
1522,FDG31,OUT049,894.527
1523,FDW28,OUT018,4089.387
1524,FDV14,OUT049,2743.6855
1525,FDB60,OUT018,4908.3545
1526,FDU43,OUT027,7174.8975
1527,DRH11,OUT045,520.72595
1528,FDC48,OUT019,356.06018
1529,DRK39,OUT046,1605.4987
1530,FDB20,OUT049,1267.0997
1531,FDE51,OUT013,206.46335
1532,FDX36,OUT013,3043.4375
1533,NCT29,OUT046,1837.1161
1534,FDU45,OUT049,1315.3466
1535,FDF56,OUT049,2928.1257
1536,FDW07,OUT010,134.77841
1537,FDR52,OUT027,4673.3354
1538,FDB45,OUT018,2036.8229
1539,NCT42,OUT027,2613.1372
1540,FDP52,OUT046,2662.7588
1541,FDI50,OUT027,3248.2153
1542,FDU48,OUT017,3264.3284
1543,FDS43,OUT035,2897.2107
1544,NCM41,OUT013,1434.0148
1545,FDP37,OUT018,625.66174
1546,FDJ44,OUT045,3778.5474
1547,FDY38,OUT019,579.0603
1548,FDC20,OUT017,1039.5768
1549,FDF02,OUT017,1547.7389
1550,FDX38,OUT018,673.7147
1551,FDN50,OUT027,2313.4326
1552,FDA07,OUT045,858.6355
1553,FDT49,OUT027,3728.4324
1554,FDA09,OUT049,260.68866
1555,FDV43,OUT017,379.1084
1556,FDK58,OUT019,261.18872
1557,FDL22,OUT013,1901.5609
1558,FDP56,OUT017,637.3957
1559,DRL47,OUT049,2802.1409
1560,NCT17,OUT046,0.0
1561,FDR12,OUT017,2120.076
1562,FDD39,OUT018,4668.499
1563,FDG04,OUT018,2744.4907
1564,FDV19,OUT017,3638.3154
1565,FDS55,OUT019,265.3031
1566,FDM50,OUT013,1143.964
1567,DRF13,OUT046,2070.3315
1568,FDJ48,OUT013,4617.9
1569,FDM20,OUT013,5740.9194
1570,FDP24,OUT045,2151.6458
1571,FDC16,OUT035,1156.3157
1572,NCB42,OUT017,3261.2195
1573,FDN01,OUT010,405.10513
1574,FDT34,OUT045,1712.0417
1575,FDA52,OUT027,2738.456
1576,NCC18,OUT010,488.66672
1577,NCR41,OUT017,1791.8713
1578,FDX23,OUT017,549.56396
1579,FDP39,OUT010,269.84634
1580,NCH07,OUT035,3735.8154
1581,FDW47,OUT019,465.50446
1582,DRD13,OUT035,791.798
1583,FDR48,OUT013,1979.7694
1584,FDE17,OUT010,165.3584
1585,FDP60,OUT046,2071.457
1586,FDD57,OUT017,1415.0966
1587,FDW13,OUT010,170.61377
1588,FDN24,OUT045,586.1056
1589,FDJ34,OUT017,963.6773
1590,FDD46,OUT013,2765.656
1591,FDF46,OUT019,219.73897
1592,NCE43,OUT010,0.0
1593,FDN27,OUT035,1875.7365
1594,FDW52,OUT049,4622.645
1595,DRH03,OUT046,491.8368
1596,NCM29,OUT045,2415.4495
1597,FDR58,OUT049,1396.8932
1598,FDY50,OUT046,2220.4983
1599,FDE16,OUT017,3614.3635
1600,NCE31,OUT049,0.0
1601,FDE53,OUT045,1454.865
1602,DRK11,OUT045,1794.1971
1603,DRH13,OUT013,2226.8782
1604,FDA11,OUT018,406.58502
1605,DRL35,OUT027,952.48914
1606,DRF36,OUT027,3262.4077
1607,FDI07,OUT017,1394.0077
1608,FDI32,OUT013,1698.9305
1609,DRL60,OUT018,1861.3119
1610,NCY17,OUT035,678.5879
1611,DRH36,OUT019,282.51678
1612,FDX02,OUT035,4386.9106
1613,FDG46,OUT049,1454.3551
1614,FDM60,OUT017,487.66068
1615,FDJ22,OUT018,2101.979
1616,FDU59,OUT013,3350.2607
1617,FDL38,OUT045,1257.7262
1618,FDZ23,OUT013,3583.2002
1619,FDX52,OUT018,2406.1274
1620,NCB42,OUT045,3055.9915
1621,NCU18,OUT017,1955.6217
1622,FDI32,OUT019,224.3023
1623,DRZ11,OUT013,1547.378
1624,NCL54,OUT017,4021.3013
1625,FDS19,OUT035,1229.1254
1626,DRB13,OUT049,1305.4562
1627,DRI51,OUT010,229.36197
1628,FDS57,OUT027,3231.3308
1629,FDT39,OUT045,3806.7485
1630,FDH48,OUT010,39.163643
1631,NCB18,OUT010,171.08676
1632,FDR25,OUT027,8506.349
1633,FDV21,OUT035,1706.9247
1634,DRH23,OUT049,257.28967
1635,FDS52,OUT018,498.39014
1636,NCC31,OUT010,0.0
1637,FDU03,OUT017,5099.782
1638,FDG50,OUT049,1224.266
1639,FDY31,OUT013,1422.1631
1640,FDX39,OUT027,6625.6987
1641,FDE46,OUT019,578.4987
1642,NCN29,OUT045,451.36487
1643,DRF13,OUT017,2737.14
1644,FDT46,OUT019,0.0
1645,FDS58,OUT046,2307.6167
1646,FDX52,OUT019,754.1449
1647,FDP27,OUT010,516.814
1648,FDX44,OUT049,498.37976
1649,DRO35,OUT046,2269.056
1650,FDC59,OUT045,1070.5695
1651,FDB12,OUT049,760.73944
1652,FDU26,OUT035,1449.6044
1653,NCF30,OUT018,1365.1803
1654,FDX20,OUT013,2876.0916
1655,FDN02,OUT035,1701.7941
1656,DRC27,OUT010,0.0
1657,FDZ38,OUT019,586.5041
1658,DRH25,OUT010,59.906147
1659,FDK21,OUT046,2034.257
1660,FDT01,OUT049,2592.6362
1661,FDZ09,OUT049,1454.3759
1662,DRL37,OUT018,873.94214
1663,FDN49,OUT018,267.42322
1664,FDC22,OUT045,5957.8335
1665,FDT33,OUT018,314.581
1666,NCB43,OUT018,1510.4421
1667,DRI25,OUT027,1074.3182
1668,FDD21,OUT046,1355.1799
1669,FDS23,OUT035,2110.4658
1670,FDS13,OUT010,890.7871
1671,DRI03,OUT019,246.70435
1672,FDU58,OUT045,5019.957
1673,FDL09,OUT027,5555.8745
1674,FDS12,OUT010,121.31588
1675,FDP03,OUT013,2035.9377
1676,FDI21,OUT027,2321.6067
1677,FDW45,OUT046,1287.6417
1678,NCA18,OUT010,181.2099
1679,FDN32,OUT027,5416.2085
1680,FDR15,OUT027,1755.6857
1681,DRK11,OUT049,1680.1012
1682,DRG49,OUT018,3932.7207
1683,FDD29,OUT046,1720.0347
1684,FDE33,OUT010,158.77097
1685,FDJ58,OUT010,46.777287
1686,FDM46,OUT049,1426.768
1687,FDD23,OUT035,3188.6558
1688,DRM35,OUT027,4599.7153
1689,DRC25,OUT018,328.76892
1690,FDL36,OUT049,698.50244
1691,FDD41,OUT013,1631.5887
1692,FDV19,OUT049,4333.8623
1693,FDR44,OUT049,3255.6926
1694,FDX50,OUT017,1779.2374
1695,DRC25,OUT045,958.8939
1696,FDA15,OUT027,6205.8154
1697,FDX22,OUT046,5858.7524
1698,FDJ50,OUT045,675.8258
1699,FDT13,OUT019,135.07487
1700,FDN12,OUT013,2799.3325
1701,FDD58,OUT045,2885.247
1702,FDM04,OUT013,127.195076
1703,FDA23,OUT049,1561.319
1704,FDW28,OUT010,514.0479
1705,FDA45,OUT018,3233.349
1706,NCO26,OUT045,1578.0442
1707,FDV26,OUT035,4297.0103
1708,FDC50,OUT027,2170.7627
1709,NCV05,OUT027,2880.7205
1710,FDW48,OUT018,636.0237
1711,FDS55,OUT013,2890.7727
1712,FDX32,OUT045,3674.3318
1713,FDC53,OUT035,2360.9854
1714,FDG35,OUT018,2655.0967
1715,NCC30,OUT010,279.37964
1716,NCZ17,OUT045,510.5901
1717,FDZ56,OUT049,3957.5012
1718,NCS05,OUT013,1834.4796
1719,DRC25,OUT027,2049.6826
1720,FDW59,OUT046,1810.3849
1721,FDB36,OUT017,1767.0436
1722,FDT37,OUT045,3189.184
1723,FDG47,OUT035,5943.8154
1724,FDM45,OUT045,3031.8052
1725,FDQ40,OUT027,3072.4907
1726,FDF34,OUT049,3036.393
1727,FDP24,OUT017,2197.97
1728,FDT55,OUT019,424.8608
1729,FDH60,OUT046,2862.997
1730,FDF57,OUT035,2482.2773
1731,NCX29,OUT046,766.2337
1732,FDD34,OUT013,3157.6357
1733,FDQ15,OUT049,2604.6235
1734,FDL12,OUT035,865.45306
1735,FDS22,OUT013,262.42773
1736,NCM29,OUT018,1522.4733
1737,FDO24,OUT049,2909.7468
1738,NCJ43,OUT046,4399.5796
1739,FDA37,OUT046,1524.3945
1740,NCM07,OUT018,418.29163
1741,FDT49,OUT035,2664.5469
1742,FDP23,OUT035,5265.755
1743,DRF51,OUT018,393.69348
1744,NCZ41,OUT017,1088.7426
1745,DRJ11,OUT049,5640.425
1746,FDP37,OUT017,2236.697
1747,FDT60,OUT019,540.9722
1748,FDA09,OUT035,418.23993
1749,FDJ46,OUT046,1416.8358
1750,FDO48,OUT013,2004.5143
1751,FDS59,OUT018,1297.608
1752,FDH44,OUT046,1730.8071
1753,NCM05,OUT035,5507.325
1754,NCU06,OUT019,462.1583
1755,FDV13,OUT049,0.0
1756,FDA23,OUT013,2272.724
1757,FDJ60,OUT017,2244.658
1758,FDN13,OUT049,1287.2571
1759,DRF49,OUT035,1566.8712
1760,FDK20,OUT018,1685.1619
1761,FDB27,OUT027,6537.5654
1762,NCS18,OUT046,3151.0535
1763,FDZ49,OUT027,1696.6729
1764,FDN32,OUT035,3621.525
1765,FDO37,OUT049,5917.0093
1766,NCD31,OUT018,229.80049
1767,NCV30,OUT027,1921.9586
1768,FDY49,OUT049,3296.7163
1769,FDM10,OUT027,6446.8057
1770,FDT11,OUT046,5370.8755
1771,FDD39,OUT013,476.82263
1772,NCL31,OUT035,1980.6874
1773,FDZ47,OUT035,1415.0221
1774,NCU18,OUT019,113.27216
1775,FDJ58,OUT027,5011.6685
1776,FDX12,OUT010,0.0
1777,FDV60,OUT018,858.1349
1778,NCB19,OUT027,2085.957
1779,FDH45,OUT019,90.381935
1780,FDB03,OUT013,5476.2134
1781,FDI27,OUT017,317.5615
1782,FDN22,OUT017,3547.809
1783,FDQ37,OUT035,3228.3638
1784,FDM02,OUT035,1352.674
1785,FDW38,OUT046,554.4093
1786,FDP34,OUT019,233.95496
1787,FDY55,OUT046,4216.538
1788,FDL34,OUT013,3570.4631
1789,FDA09,OUT018,1267.8916
1790,FDM51,OUT017,1588.7396
1791,FDI34,OUT018,6320.4536
1792,NCD31,OUT017,61.868065
1793,FDW33,OUT035,949.13416
1794,NCP05,OUT035,4245.314
1795,FDL56,OUT013,999.5758
1796,FDN01,OUT027,5001.9136
1797,FDA25,OUT045,1662.1798
1798,FDF08,OUT010,187.64307
1799,FDH08,OUT035,259.37
1800,DRH03,OUT049,1007.0847
1801,FDQ31,OUT018,1345.5266
1802,FDO10,OUT017,1354.347
1803,FDT39,OUT049,1678.9271
1804,FDM22,OUT027,540.3646
1805,FDR21,OUT010,332.57245
1806,FDQ01,OUT017,5032.071
1807,FDZ03,OUT049,3200.27
1808,NCK05,OUT018,479.79712
1809,FDW55,OUT013,6108.719
1810,FDF47,OUT049,410.24878
1811,DRO59,OUT019,357.69275
1812,NCM55,OUT046,3446.1216
1813,FDY31,OUT017,1344.3348
1814,FDJ57,OUT019,295.39926
1815,FDV51,OUT018,1540.5494
1816,DRG36,OUT046,3324.048
1817,DRF13,OUT013,2477.324
1818,NCJ54,OUT045,6099.02
1819,NCP42,OUT049,5459.1943
1820,NCF30,OUT035,2455.4966
1821,FDY44,OUT027,6602.568
1822,FDX09,OUT049,5588.1265
1823,NCU30,OUT017,2276.8604
1824,FDU49,OUT049,2203.871
1825,FDC48,OUT017,2453.6816
1826,FDJ21,OUT013,2058.8542
1827,NCX41,OUT049,5434.292
1828,FDT36,OUT046,612.2927
1829,FDK28,OUT027,6897.5186
1830,DRI49,OUT035,1036.8204
1831,NCM54,OUT019,265.0362
1832,FDD48,OUT018,2485.6216
1833,NCF30,OUT010,165.58652
1834,FDX03,OUT049,227.29236
1835,FDZ33,OUT013,3085.4824
1836,FDB39,OUT019,118.24851
1837,DRM11,OUT018,3166.0024
1838,DRE48,OUT017,1621.6534
1839,NCL31,OUT045,2267.202
1840,FDB11,OUT017,4604.8013
1841,FDX14,OUT049,1394.3097
1842,NCM29,OUT027,3820.1567
1843,FDH47,OUT045,1413.9806
1844,FDG09,OUT013,2284.9995
1845,FDP25,OUT049,3496.7688
1846,FDY27,OUT027,4798.3906
1847,DRM59,OUT017,1362.6165
1848,DRI03,OUT018,2789.6265
1849,FDY03,OUT019,384.1969
1850,NCV17,OUT049,2626.3845
1851,NCJ17,OUT013,1097.0323
1852,NCP54,OUT017,1467.5043
1853,FDZ15,OUT049,1898.2947
1854,NCR05,OUT018,935.18933
1855,FDX03,OUT019,196.4885
1856,FDQ12,OUT045,3749.0796
1857,FDC21,OUT013,108.22462
1858,FDQ40,OUT018,862.6427
1859,FDI07,OUT027,3596.063
1860,FDQ25,OUT049,3630.3945
1861,NCK18,OUT035,2490.8218
1862,DRI25,OUT010,132.95735
1863,DRA24,OUT049,2265.7395
1864,FDA32,OUT045,4223.8257
1865,FDE59,OUT018,394.2152
1866,FDY59,OUT046,436.406
1867,FDQ20,OUT045,397.5282
1868,FDB21,OUT018,5064.062
1869,FDB41,OUT019,75.62918
1870,DRG11,OUT013,3348.5017
1871,FDV10,OUT019,0.0
1872,FDI41,OUT013,1671.2767
1873,FDN10,OUT017,3115.202
1874,NCM17,OUT018,208.61694
1875,DRG37,OUT019,1443.8801
1876,FDA21,OUT045,888.178
1877,FDM27,OUT013,1256.2437
1878,FDA32,OUT049,416.00354
1879,NCZ53,OUT049,4898.105
1880,FDW40,OUT035,2088.032
1881,FDS52,OUT035,2378.3164
1882,FDM58,OUT010,521.43146
1883,NCE54,OUT019,117.05456
1884,FDS11,OUT035,4607.087
1885,FDL20,OUT049,2305.12
1886,FDX13,OUT027,5813.0566
1887,FDR21,OUT013,916.0856
1888,FDV28,OUT018,1226.0494
1889,FDZ51,OUT017,1697.1252
1890,FDD46,OUT045,3564.0361
1891,FDE23,OUT018,35.052742
1892,NCF55,OUT045,0.0
1893,FDU12,OUT013,4427.6777
1894,FDZ22,OUT049,759.662
1895,FDI44,OUT013,1108.8927
1896,FDH50,OUT017,1914.8895
1897,FDE57,OUT049,1213.2048
1898,DRJ51,OUT013,5118.9497
1899,FDX52,OUT045,5656.0483
1900,DRN47,OUT017,3483.9243
1901,FDT21,OUT049,5337.1704
1902,FDY21,OUT045,2579.3164
1903,FDG21,OUT019,268.09012
1904,FDS58,OUT035,2422.1328
1905,FDA26,OUT018,4463.167
1906,FDY16,OUT027,3537.8013
1907,FDF20,OUT046,3847.788
1908,FDI15,OUT013,8004.596
1909,FDC47,OUT010,469.56793
1910,FDL08,OUT035,3016.178
1911,FDF08,OUT013,1961.2128
1912,FDN03,OUT035,3204.6204
1913,FDG34,OUT017,1087.3715
1914,FDA56,OUT045,1713.078
1915,NCI17,OUT027,3285.1924
1916,NCO17,OUT049,1540.901
1917,FDK55,OUT017,1736.476
1918,FDD10,OUT017,339.2401
1919,NCH18,OUT013,6255.6475
1920,NCA53,OUT045,769.50867
1921,DRJ24,OUT010,636.5028
1922,DRN35,OUT013,666.09045
1923,FDC47,OUT018,3987.58
1924,FDN48,OUT018,2201.288
1925,FDR27,OUT027,3202.541
1926,FDS33,OUT019,236.68594
1927,DRL11,OUT035,1393.0731
1928,FDQ21,OUT017,1658.0836
1929,FDY37,OUT046,1602.0619
1930,FDS35,OUT013,670.8771
1931,DRD60,OUT046,1062.7325
1932,DRP47,OUT046,2740.3894
1933,NCY41,OUT027,643.8898
1934,FDR59,OUT049,1507.5352
1935,FDM36,OUT019,680.91516
1936,NCI42,OUT027,5943.8267
1937,FDA31,OUT017,1186.2301
1938,FDY33,OUT035,2803.7039
1939,FDV40,OUT045,1045.5629
1940,NCW17,OUT018,1780.3734
1941,FDN38,OUT013,4375.56
1942,FDQ11,OUT019,0.0
1943,FDG34,OUT045,770.9499
1944,NCN14,OUT049,1415.0883
1945,FDY46,OUT027,4680.9585
1946,FDS11,OUT017,4739.2485
1947,NCA53,OUT019,167.80301
1948,NCN30,OUT010,168.13713
1949,FDW32,OUT046,1227.1952
1950,NCR42,OUT010,208.60812
1951,FDU33,OUT035,1118.4849
1952,FDN15,OUT019,255.91757
1953,FDD51,OUT019,38.77414
1954,FDF14,OUT045,3055.5164
1955,NCN19,OUT019,160.6694
1956,NCO43,OUT013,0.0
1957,FDT19,OUT049,2867.9707
1958,DRK12,OUT013,307.7078
1959,DRM49,OUT045,654.2914
1960,FDX43,OUT017,1722.5963
1961,FDS14,OUT035,2760.7886
1962,NCK07,OUT049,1585.3945
1963,FDO19,OUT017,9.356817
1964,FDH32,OUT013,1721.1702
1965,NCZ41,OUT018,2637.094
1966,FDL32,OUT010,20.662481
1967,FDC44,OUT017,873.8995
1968,FDQ59,OUT013,2296.382
1969,NCO54,OUT013,880.9857
1970,DRH36,OUT046,588.1251
1971,FDY35,OUT035,1100.7313
1972,FDA46,OUT017,2781.6995
1973,NCL18,OUT035,3814.4695
1974,FDL57,OUT049,5834.0625
1975,NCP50,OUT018,752.9164
1976,FDZ25,OUT019,344.07727
1977,FDH24,OUT046,3541.08
1978,FDQ26,OUT017,1218.4552
1979,NCK17,OUT019,0.0
1980,FDO46,OUT027,4576.921
1981,FDW50,OUT035,2364.6765
1982,FDD29,OUT049,3910.3271
1983,FDU26,OUT019,254.67282
1984,FDX04,OUT027,2017.4503
1985,FDH31,OUT027,1973.957
1986,FDJ45,OUT019,0.0
1987,FDX55,OUT035,3500.6238
1988,FDR02,OUT046,3168.346
1989,NCP55,OUT045,548.5774
1990,FDT28,OUT017,1997.855
1991,NCJ06,OUT017,2301.4158
1992,FDF08,OUT018,1564.3087
1993,FDT21,OUT017,6080.638
1994,FDK22,OUT027,6329.976
1995,DRJ11,OUT013,2965.6
1996,FDH27,OUT010,393.0044
1997,FDU52,OUT019,297.38437
1998,FDK50,OUT017,1979.3083
1999,DRJ01,OUT045,1890.5845
2000,FDC21,OUT018,1359.1451
2001,FDX39,OUT046,1198.1364
2002,NCY54,OUT027,4689.865
2003,FDD58,OUT019,80.273476
2004,FDW12,OUT045,2306.1616
2005,DRE01,OUT010,280.16052
2006,FDT16,OUT049,5498.375
2007,FDC16,OUT017,1233.1412
2008,FDK52,OUT049,4857.489
2009,FDS23,OUT046,3113.5056
2010,FDI41,OUT035,2160.6816
2011,FDG33,OUT018,212.50757
2012,NCM31,OUT018,1891.3618
2013,NCY53,OUT027,1736.8982
2014,FDY55,OUT049,3796.6714
2015,FDQ21,OUT045,1653.2524
2016,NCD18,OUT027,5869.1216
2017,FDV09,OUT017,3226.1174
2018,FDI19,OUT010,898.1715
2019,FDY47,OUT049,2348.5874
2020,DRH37,OUT049,2790.3833
2021,NCL19,OUT046,1216.1722
2022,DRI11,OUT035,1825.3795
2023,NCC19,OUT046,877.17255
2024,FDS01,OUT018,1843.7251
2025,FDX31,OUT017,2899.5413
2026,NCL55,OUT046,4848.471
2027,FDW16,OUT013,2077.4766
2028,FDT49,OUT046,2196.7856
2029,FDW13,OUT013,569.8435
2030,NCG30,OUT019,348.0937
2031,FDC14,OUT049,74.51429
2032,FDS15,OUT010,0.0
2033,FDS32,OUT049,1836.09
2034,FDE09,OUT049,585.2041
2035,FDM12,OUT017,5630.3335
2036,FDT57,OUT049,959.2977
2037,FDM32,OUT046,1757.6492
2038,NCS38,OUT027,2068.7083
2039,NCW30,OUT017,0.0
2040,FDD21,OUT017,1928.3568
2041,FDH35,OUT049,3929.8123
2042,NCX17,OUT045,1764.6278
2043,NCI29,OUT035,3710.0933
2044,FDL24,OUT049,3342.8765
2045,FDI46,OUT046,5779.425
2046,DRQ35,OUT035,2304.222
2047,FDM04,OUT017,695.915
2048,NCJ17,OUT045,1805.7926
2049,NCJ18,OUT027,2255.7053
2050,DRF13,OUT045,2495.7634
2051,FDB39,OUT035,977.3032
2052,FDT52,OUT018,3522.4607
2053,FDT60,OUT046,1699.823
2054,FDM34,OUT046,1623.9379
2055,FDY27,OUT013,4210.5034
2056,FDP08,OUT045,4422.02
2057,FDP59,OUT027,2735.6033
2058,FDQ11,OUT018,8347.206
2059,FDV01,OUT010,358.1973
2060,FDX31,OUT013,2071.209
2061,NCX54,OUT010,0.0
2062,DRC12,OUT035,3297.0073
2063,FDU11,OUT027,2799.1125
2064,NCB30,OUT046,3684.7722
2065,FDS27,OUT045,3493.5952
2066,FDX16,OUT018,1948.4049
2067,NCL53,OUT013,4608.9844
2068,NCZ30,OUT045,1054.9503
2069,FDB15,OUT017,4269.0825
2070,FDY51,OUT027,7979.9253
2071,NCT18,OUT017,3215.1748
2072,FDL32,OUT019,235.46927
2073,FDK46,OUT018,4890.025
2074,FDI22,OUT019,398.7479
2075,FDF21,OUT045,6927.0737
2076,FDR34,OUT017,4517.9746
2077,FDJ50,OUT049,716.08997
2078,FDC34,OUT049,2541.5117
2079,FDW51,OUT018,6263.5884
2080,FDR28,OUT035,1374.4069
2081,FDV60,OUT019,755.41455
2082,FDI45,OUT017,2764.3818
2083,NCB30,OUT019,244.66652
2084,DRO59,OUT017,762.09357
2085,FDU12,OUT035,3257.4434
2086,NCX18,OUT010,369.86316
2087,NCH30,OUT027,1799.1124
2088,FDE11,OUT019,366.16455
2089,FDE32,OUT017,1.1003478
2090,FDP25,OUT010,355.80316
2091,NCM29,OUT035,3257.036
2092,FDQ21,OUT049,1328.998
2093,FDN24,OUT046,852.76874
2094,DRY23,OUT017,1012.40985
2095,FDW04,OUT027,2054.436
2096,FDM01,OUT018,0.0
2097,NCW29,OUT017,1995.692
2098,FDG33,OUT013,2973.4814
2099,FDV51,OUT017,1599.7423
2100,NCQ18,OUT017,1447.105
2101,NCL53,OUT018,1527.3636
2102,FDQ39,OUT013,2471.8945
2103,FDF46,OUT017,1342.2004
2104,NCA06,OUT049,533.09265
2105,FDV26,OUT019,761.5427
2106,FDJ04,OUT035,2136.379
2107,FDE28,OUT010,490.27148
2108,NCZ29,OUT013,2132.5774
2109,FDW43,OUT046,6342.6533
2110,FDZ49,OUT049,3307.142
2111,NCJ05,OUT035,2507.496
2112,NCP29,OUT027,1600.3158
2113,FDS16,OUT018,597.0546
2114,FDZ45,OUT049,1241.4713
2115,NCP29,OUT010,143.5121
2116,FDZ58,OUT027,3272.145
2117,FDV55,OUT027,4104.2944
2118,NCV53,OUT046,3506.6833
2119,FDV47,OUT019,307.00323
2120,FDD45,OUT018,1667.1854
2121,FDP26,OUT019,144.48938
2122,DRD37,OUT049,895.5097
2123,FDT09,OUT019,25.12998
2124,FDM03,OUT027,1591.8995
2125,FDW09,OUT017,923.06836
2126,FDX10,OUT046,751.0745
2127,FDZ60,OUT049,2582.4126
2128,FDM58,OUT046,1328.6898
2129,FDV32,OUT035,2282.1367
2130,FDU07,OUT019,331.29987
2131,FDS51,OUT027,2650.6982
2132,NCT17,OUT045,2800.9229
2133,FDA01,OUT010,93.38984
2134,FDW25,OUT046,1538.7305
2135,FDS01,OUT017,2460.8496
2136,NCV18,OUT045,2068.1077
2137,FDZ04,OUT045,531.20276
2138,DRN59,OUT017,461.3695
2139,FDD36,OUT049,2321.8293
2140,FDT56,OUT018,537.1907
2141,FDP09,OUT019,679.3789
2142,FDA33,OUT017,693.9167
2143,FDH14,OUT019,336.2411
2144,NCF18,OUT027,4671.707
2145,FDF59,OUT035,3618.456
2146,FDC29,OUT013,77.03333
2147,FDD32,OUT017,1256.4966
2148,FDZ08,OUT010,0.013483286
2149,FDT21,OUT027,3325.7053
2150,FDM33,OUT046,1050.2555
2151,NCK07,OUT035,3164.7075
2152,NCL41,OUT018,399.09998
2153,FDZ36,OUT046,4371.806
2154,FDW51,OUT049,2720.6511
2155,FDS47,OUT013,1135.109
2156,FDV02,OUT045,3256.7073
2157,NCU18,OUT018,2492.9395
2158,NCX17,OUT018,4030.1343
2159,FDI12,OUT046,1711.1235
2160,DRH51,OUT013,1036.6138
2161,NCP30,OUT027,421.745
2162,FDG08,OUT049,3663.619
2163,FDX35,OUT046,2049.2021
2164,FDY26,OUT027,4038.167
2165,NCM43,OUT019,336.17383
2166,NCZ54,OUT019,240.86942
2167,FDO16,OUT045,1577.6738
2168,FDR22,OUT010,492.8405
2169,FDJ16,OUT017,1001.9836
2170,FDT47,OUT049,2566.2502
2171,FDZ23,OUT027,5711.1655
2172,NCB31,OUT046,5791.967
2173,FDM15,OUT046,1406.2916
2174,FDX27,OUT013,1712.8309
2175,NCS54,OUT018,1416.6542
2176,NCJ30,OUT049,2561.1377
2177,FDD58,OUT013,1082.0406
2178,DRJ23,OUT045,3389.28
2179,FDS14,OUT045,3130.6562
2180,FDR27,OUT013,1302.6024
2181,FDT49,OUT018,220.81842
2182,FDX26,OUT027,4610.228
2183,NCW53,OUT017,3050.3586
2184,FDS19,OUT045,2033.184
2185,DRF15,OUT046,3181.0547
2186,DRH01,OUT027,5089.808
2187,FDJ12,OUT045,4666.6987
2188,NCE42,OUT027,5513.73
2189,DRL37,OUT045,297.89026
2190,FDJ36,OUT045,1583.1029
2191,NCH18,OUT027,4625.6733
2192,DRI11,OUT018,2246.8342
2193,NCO17,OUT018,1526.472
2194,FDS49,OUT018,1234.6211
2195,FDX43,OUT045,1967.183
2196,NCS17,OUT013,1383.3867
2197,NCC42,OUT049,793.9768
2198,NCM26,OUT045,2785.345
2199,FDU32,OUT046,2626.2842
2200,FDU19,OUT018,1772.0912
2201,NCM53,OUT017,1285.2706
2202,FDG32,OUT045,4753.3325
2203,FDF04,OUT018,6572.7144
2204,NCN55,OUT035,5339.6074
2205,FDJ34,OUT046,903.70496
2206,FDT51,OUT010,263.69482
2207,FDT01,OUT046,786.0409
2208,FDV28,OUT027,846.2721
2209,FDD02,OUT045,3459.739
2210,FDW48,OUT045,1286.5521
2211,FDF44,OUT049,3450.7515
2212,FDY14,OUT049,7474.7114
2213,FDU59,OUT027,4129.9106
2214,FDQ10,OUT019,269.7799
2215,FDV21,OUT010,270.54816
2216,FDQ36,OUT049,1074.3971
2217,FDH12,OUT019,188.8518
2218,FDV40,OUT017,1061.6154
2219,NCF07,OUT046,2416.987
2220,FDA08,OUT027,3098.7966
2221,FDP33,OUT019,461.41098
2222,FDS27,OUT046,6420.8706
2223,DRD60,OUT013,4155.0117
2224,FDM28,OUT049,1926.8734
2225,NCU54,OUT035,4019.9507
2226,NCX05,OUT018,1311.9181
2227,FDX59,OUT046,394.0437
2228,FDE10,OUT049,2076.5054
2229,FDW16,OUT027,2428.8992
2230,FDW07,OUT027,968.2189
2231,FDG38,OUT018,835.0166
2232,DRC27,OUT018,4975.9727
2233,FDT43,OUT035,37.127327
2234,FDR44,OUT017,669.00525
2235,FDP26,OUT017,1962.8251
2236,NCE55,OUT027,4689.784
2237,FDU39,OUT035,970.50006
2238,FDK27,OUT027,2854.708
2239,FDP32,OUT046,3944.1145
2240,NCW54,OUT049,966.98553
2241,FDA36,OUT013,4797.9
2242,FDU24,OUT049,2523.1963
2243,FDX34,OUT046,2066.0583
2244,FDU27,OUT013,2156.0903
2245,FDQ25,OUT010,372.3117
2246,FDY01,OUT018,1913.4817
2247,FDH27,OUT013,2218.016
2248,FDL10,OUT017,1913.887
2249,FDL15,OUT018,3395.7913
2250,FDT24,OUT010,325.87778
2251,NCN55,OUT045,3205.689
2252,FDZ59,OUT027,6075.9487
2253,FDM57,OUT035,1828.3158
2254,FDD14,OUT049,652.74756
2255,FDU19,OUT013,3331.0696
2256,DRJ39,OUT045,4256.66
2257,FDI04,OUT046,1599.5532
2258,NCQ54,OUT045,3189.2056
2259,FDW12,OUT017,2581.5876
2260,FDQ32,OUT027,2814.4292
2261,DRG49,OUT017,7000.932
2262,FDP58,OUT049,5223.7905
2263,FDD57,OUT049,1160.4958
2264,DRG23,OUT035,1866.9202
2265,NCZ17,OUT017,1431.3063
2266,DRJ11,OUT018,1415.1097
2267,FDG16,OUT045,3993.0107
2268,FDZ51,OUT027,518.0792
2269,NCN43,OUT046,340.10406
2270,NCN30,OUT046,2201.083
2271,FDP39,OUT027,198.5509
2272,FDP34,OUT049,5137.3613
2273,FDM44,OUT010,220.76233
2274,FDC28,OUT017,1675.489
2275,DRC24,OUT018,2513.7925
2276,FDN46,OUT045,2482.848
2277,NCN53,OUT035,1067.9276
2278,FDY32,OUT019,204.5456
2279,NCW06,OUT017,3310.113
2280,FDY48,OUT013,2000.3567
2281,NCP29,OUT013,0.0
2282,FDB60,OUT010,0.0
2283,DRE60,OUT035,5368.667
2284,FDN51,OUT045,3891.4614
2285,DRE15,OUT027,1001.16516
2286,DRG15,OUT013,689.28503
2287,FDX55,OUT019,757.0109
2288,FDC57,OUT018,1622.2836
2289,FDA25,OUT017,1666.9185
2290,NCK29,OUT035,2021.1647
2291,FDP48,OUT046,4116.6455
2292,FDP49,OUT027,2271.0884
2293,FDL38,OUT010,98.04943
2294,FDZ21,OUT035,2311.5273
2295,FDQ44,OUT017,341.57385
2296,NCB42,OUT013,2950.4521
2297,FDY15,OUT027,3814.0068
2298,NCW05,OUT049,1329.3439
2299,FDR23,OUT049,4838.922
2300,FDO34,OUT013,2334.3745
2301,FDZ36,OUT035,3914.9468
2302,FDX58,OUT027,5531.957
2303,NCJ18,OUT046,2762.5383
2304,FDP22,OUT017,1030.7809
2305,FDH57,OUT010,223.0672
2306,DRF51,OUT045,650.1066
2307,FDD51,OUT035,731.7494
2308,FDW04,OUT045,4242.604
2309,FDZ21,OUT010,91.58384
2310,NCJ30,OUT027,5605.137
2311,FDO45,OUT046,2342.2622
2312,FDE41,OUT049,520.73016
2313,DRD13,OUT027,2429.6558
2314,NCC07,OUT035,1434.1163
2315,FDE51,OUT027,1231.0795
2316,NCG43,OUT013,1413.7811
2317,FDS59,OUT027,3431.3872
2318,FDV16,OUT018,1413.9272
2319,FDC03,OUT035,3423.869
2320,FDV60,OUT013,2211.1465
2321,FDJ60,OUT049,4884.4385
2322,FDX20,OUT045,1577.2467
2323,FDD17,OUT035,2851.8682
2324,FDD08,OUT017,588.60297
2325,FDX45,OUT045,1114.9011
2326,FDM25,OUT018,2495.2974
2327,NCT42,OUT046,3625.3357
2328,FDT02,OUT046,163.89087
2329,FDV34,OUT013,1347.3102
2330,NCR41,OUT046,2240.3477
2331,FDT31,OUT018,4060.536
2332,FDF33,OUT010,0.0
2333,NCU29,OUT019,354.56958
2334,NCB55,OUT045,1240.76
2335,NCU18,OUT013,2420.168
2336,FDZ59,OUT018,2258.1184
2337,NCI29,OUT045,2171.3457
2338,FDL03,OUT027,3715.2627
2339,NCQ06,OUT045,3188.9753
2340,FDY31,OUT049,2400.6316
2341,DRI03,OUT049,3383.5896
2342,FDL38,OUT018,1068.2723
2343,FDR37,OUT027,4367.6323
2344,FDT59,OUT027,4771.4834
2345,FDV28,OUT046,467.27753
2346,NCX53,OUT013,2729.6523
2347,FDZ12,OUT013,2306.5557
2348,NCT05,OUT046,3155.372
2349,FDW38,OUT035,614.8368
2350,FDD33,OUT013,5917.6724
2351,FDV39,OUT019,95.621605
2352,DRE25,OUT017,924.8231
2353,FDC59,OUT010,0.0
2354,FDF58,OUT046,962.18823
2355,NCP50,OUT019,183.54974
2356,FDS33,OUT013,0.0
2357,FDP08,OUT049,3670.3494
2358,FDF29,OUT035,2350.3586
2359,NCF30,OUT046,2767.895
2360,FDI50,OUT045,4352.391
2361,FDD56,OUT017,2933.7444
2362,NCN41,OUT010,11.723143
2363,FDE23,OUT017,2117.7698
2364,FDL26,OUT049,3939.287
2365,NCB30,OUT010,386.17355
2366,FDY50,OUT017,1316.3381
2367,NCK19,OUT018,2810.6582
2368,NCR38,OUT019,640.4385
2369,FDI28,OUT046,1662.8274
2370,FDO24,OUT046,2512.1504
2371,FDC45,OUT045,3578.6108
2372,FDU27,OUT049,889.829
2373,FDS09,OUT017,1115.9922
2374,DRE13,OUT027,1481.067
2375,FDV15,OUT018,638.22675
2376,FDH26,OUT013,2068.312
2377,FDI22,OUT035,3668.665
2378,FDJ26,OUT018,4329.235
2379,FDD26,OUT019,614.73474
2380,NCI55,OUT027,3523.1562
2381,FDA35,OUT027,3910.1094
2382,FDN21,OUT018,1803.3512
2383,NCM43,OUT010,292.60605
2384,FDD09,OUT018,2362.8818
2385,FDI24,OUT045,2444.1782
2386,NCN41,OUT019,268.6848
2387,NCT53,OUT019,482.8842
2388,FDQ47,OUT010,18.44245
2389,NCD42,OUT018,723.1282
2390,FDI21,OUT010,0.0
2391,FDS48,OUT010,432.81958
2392,FDW50,OUT017,1432.7732
2393,FDO37,OUT018,5062.1187
2394,FDS04,OUT018,791.8998
2395,FDP38,OUT010,111.59045
2396,NCF06,OUT010,0.0
2397,FDR35,OUT018,2414.0862
2398,FDB04,OUT013,1855.9469
2399,FDK16,OUT045,975.28064
2400,FDM57,OUT017,1439.5934
2401,FDF45,OUT049,368.1217
2402,FDH04,OUT018,711.57104
2403,FDL25,OUT018,1184.0455
2404,FDK40,OUT049,5346.271
2405,FDV46,OUT046,1064.216
2406,FDU31,OUT045,3861.2688
2407,NCQ53,OUT049,3143.962
2408,FDD09,OUT027,5124.1187
2409,FDY19,OUT045,2038.3688
2410,FDI33,OUT013,2004.8995
2411,FDG08,OUT013,2697.5718
2412,FDE39,OUT035,871.40576
2413,FDH53,OUT018,818.62256
2414,FDB09,OUT018,1528.7412
2415,FDI22,OUT046,2934.7827
2416,FDX24,OUT019,1132.4618
2417,FDE09,OUT045,1218.982
2418,FDJ57,OUT046,4283.241
2419,DRC49,OUT035,3721.2356
2420,FDU19,OUT045,2519.972
2421,FDU43,OUT013,2755.9495
2422,FDA50,OUT013,1237.4214
2423,NCM29,OUT017,2404.2512
2424,FDQ13,OUT013,470.4391
2425,FDB26,OUT027,2224.9841
2426,FDI21,OUT045,0.0
2427,FDV25,OUT019,1155.1052
2428,FDQ23,OUT013,1162.6698
2429,FDJ41,OUT010,0.0
2430,NCO42,OUT049,3433.9175
2431,FDQ13,OUT027,1550.318
2432,FDU47,OUT010,97.9121
2433,FDW57,OUT046,1461.5228
2434,DRN47,OUT046,1803.4723
2435,FDW28,OUT027,6132.4526
2436,NCN42,OUT013,2477.7764
2437,FDR60,OUT027,1895.9684
2438,FDO09,OUT019,586.54834
2439,FDX45,OUT046,1629.9431
2440,FDH27,OUT045,2301.891
2441,FDO08,OUT035,1469.0752
2442,FDG10,OUT018,1253.8339
2443,FDZ40,OUT049,466.25964
2444,FDZ27,OUT017,600.66296
2445,FDZ46,OUT049,2119.9817
2446,FDI46,OUT018,5128.1704
2447,NCW53,OUT049,5007.743
2448,FDY52,OUT049,1420.0499
2449,FDU07,OUT049,1923.2073
2450,NCQ05,OUT017,2457.379
2451,FDT16,OUT018,3494.868
2452,NCJ17,OUT017,1836.088
2453,NCY29,OUT035,765.5149
2454,NCQ18,OUT035,1812.6932
2455,FDS02,OUT049,4234.8237
2456,NCK31,OUT018,647.3136
2457,FDH60,OUT027,5684.062
2458,FDO19,OUT046,859.7023
2459,DRF37,OUT035,2321.1228
2460,FDN21,OUT013,1960.6444
2461,FDM14,OUT035,2119.1658
2462,FDO08,OUT018,1820.41
2463,FDS27,OUT017,3516.7427
2464,DRM59,OUT049,1855.0677
2465,NCO29,OUT017,3691.6533
2466,FDC32,OUT019,96.09826
2467,DRA12,OUT018,1435.7638
2468,FDI14,OUT027,4797.649
2469,DRG51,OUT046,2356.0068
2470,FDR33,OUT019,379.2702
2471,FDS23,OUT017,2671.936
2472,NCF43,OUT045,2228.1367
2473,DRN37,OUT035,1601.8816
2474,FDX57,OUT017,1046.3368
2475,NCC42,OUT045,2333.8887
2476,FDS47,OUT046,1898.025
2477,DRK35,OUT010,101.38816
2478,DRF37,OUT019,539.7617
2479,DRI23,OUT018,2030.989
2480,FDB28,OUT017,3607.525
2481,FDU50,OUT049,2241.902
2482,FDD22,OUT018,664.9703
2483,FDG04,OUT035,1940.8269
2484,FDM08,OUT049,2878.0728
2485,FDI28,OUT027,2336.0981
2486,FDM57,OUT045,1398.3405
2487,NCS17,OUT027,3330.0332
2488,FDX44,OUT018,1587.1569
2489,DRE03,OUT045,369.30237
2490,FDT46,OUT018,832.4618
2491,FDW60,OUT045,4397.3228
2492,FDE44,OUT017,659.9177
2493,FDT24,OUT035,1445.8182
2494,FDO20,OUT017,3971.9644
2495,FDV47,OUT049,583.0361
2496,FDZ26,OUT013,534.9999
2497,FDK48,OUT017,1095.1046
2498,FDX32,OUT019,194.87297
2499,FDE56,OUT019,153.84036
2500,DRJ01,OUT018,798.12714
2501,FDC53,OUT010,179.29843
2502,NCN07,OUT035,2931.4854
2503,FDI28,OUT013,579.2577
2504,NCO55,OUT019,268.25888
2505,FDP46,OUT046,1245.1885
2506,FDX26,OUT013,3513.8516
2507,FDD56,OUT046,2379.5645
2508,FDP12,OUT017,713.3019
2509,FDT40,OUT027,4342.152
2510,FDV57,OUT018,5493.6455
2511,FDZ09,OUT017,1242.522
2512,FDA07,OUT035,2502.8013
2513,FDV36,OUT027,3158.206
2514,FDQ01,OUT035,6581.442
2515,FDW46,OUT013,242.34473
2516,FDW19,OUT027,2535.016
2517,FDY01,OUT049,1185.866
2518,FDG60,OUT049,4405.942
2519,FDL22,OUT049,1047.8468
2520,DRK01,OUT045,1763.5162
2521,FDO12,OUT013,1589.664
2522,FDX12,OUT046,5268.113
2523,FDR28,OUT049,4884.364
2524,FDH57,OUT017,1866.934
2525,FDC04,OUT018,4846.2344
2526,NCI06,OUT013,2834.6775
2527,NCY53,OUT017,1467.6096
2528,FDR22,OUT017,407.60333
2529,FDM33,OUT013,3359.3013
2530,FDO57,OUT019,291.03796
2531,FDO56,OUT018,1500.8934
2532,FDO58,OUT027,4196.29
2533,FDQ45,OUT035,2467.1973
2534,FDO60,OUT027,112.167366
2535,FDI34,OUT049,1966.6224
2536,FDJ26,OUT027,2599.2927
2537,FDV08,OUT013,426.44443
2538,DRD60,OUT018,5019.444
2539,FDX20,OUT027,7902.3306
2540,FDG59,OUT018,331.17334
2541,FDN58,OUT046,1950.3824
2542,FDV48,OUT013,2545.1748
2543,FDA15,OUT017,4766.2676
2544,FDI19,OUT013,1493.5458
2545,FDX19,OUT018,3241.542
2546,FDO52,OUT049,3596.7332
2547,NCO05,OUT045,2045.4917
2548,NCP17,OUT049,832.249
2549,FDK56,OUT010,409.91754
2550,NCG43,OUT046,2301.5588
2551,DRM59,OUT027,3354.7224
2552,FDA47,OUT017,1766.5973
2553,FDY20,OUT013,2068.6882
2554,FDZ22,OUT019,106.32572
2555,FDB52,OUT013,3163.7046
2556,NCS29,OUT017,4900.557
2557,DRC12,OUT049,2576.6802
2558,FDP13,OUT019,81.22054
2559,DRF23,OUT018,1945.9357
2560,FDB56,OUT013,2391.4695
2561,FDQ47,OUT017,943.3723
2562,FDY39,OUT027,4686.732
2563,FDY36,OUT045,102.738594
2564,NCM17,OUT013,361.82346
2565,DRN35,OUT035,516.18713
2566,FDK22,OUT010,553.99133
2567,FDI07,OUT019,0.0
2568,DRK37,OUT010,759.15234
2569,NCP05,OUT010,195.80109
2570,NCD42,OUT049,1121.2881
2571,FDW11,OUT049,572.7543
2572,FDI14,OUT017,1719.1642
2573,NCY42,OUT049,1281.1628
2574,FDV26,OUT049,3699.7942
2575,FDX15,OUT027,4820.861
2576,NCG07,OUT046,860.38086
2577,FDC44,OUT046,3267.0193
2578,FDC47,OUT035,3986.4104
2579,NCK53,OUT049,1918.1733
2580,FDY49,OUT019,364.81598
2581,NCM07,OUT019,208.79138
2582,FDR47,OUT017,4034.8035
2583,FDS59,OUT035,0.0
2584,DRK47,OUT049,2782.0908
2585,FDZ27,OUT019,99.32839
2586,FDE36,OUT027,5844.472
2587,FDM51,OUT035,2614.377
2588,FDY48,OUT046,1156.7278
2589,FDA35,OUT049,959.47723
2590,NCL31,OUT018,1935.9218
2591,FDC47,OUT013,2757.9995
2592,FDI26,OUT027,5030.445
2593,FDQ16,OUT045,995.75885
2594,FDK15,OUT010,290.12567
2595,NCO53,OUT027,4462.551
2596,FDG12,OUT027,3723.2632
2597,FDU28,OUT027,4489.168
2598,FDI20,OUT019,731.6455
2599,DRN37,OUT010,557.54565
2600,FDD28,OUT046,1091.6093
2601,FDP31,OUT035,379.39722
2602,DRD27,OUT019,273.5465
2603,DRF01,OUT019,381.53006
2604,DRD25,OUT018,888.86285
2605,FDD53,OUT017,528.37146
2606,FDQ24,OUT045,4432.1636
2607,FDY49,OUT017,2210.721
2608,NCP18,OUT046,1405.8376
2609,FDT07,OUT027,5145.2847
2610,FDG46,OUT010,77.32943
2611,FDH50,OUT018,2503.7236
2612,FDS40,OUT019,60.885788
2613,FDZ60,OUT027,2906.6333
2614,FDG38,OUT045,1343.032
2615,FDG31,OUT035,1347.2006
2616,FDS39,OUT017,2524.0994
2617,FDL22,OUT027,2589.9941
2618,FDQ20,OUT035,579.04785
2619,DRB24,OUT017,2297.5386
2620,DRI51,OUT027,4465.9976
2621,FDJ60,OUT035,3831.871
2622,FDB40,OUT010,187.82997
2623,FDO15,OUT017,1499.7472
2624,FDI53,OUT035,3339.8953
2625,FDZ14,OUT046,1433.6666
2626,NCD54,OUT019,165.77667
2627,FDF28,OUT046,1961.3618
2628,FDD39,OUT017,4336.5337
2629,NCN54,OUT046,1738.6615
2630,NCO41,OUT017,2475.6475
2631,FDH45,OUT046,313.52832
2632,NCD55,OUT010,158.45833
2633,DRK35,OUT017,575.5681
2634,FDM25,OUT017,3082.6392
2635,NCW30,OUT035,3463.113
2636,FDU15,OUT045,768.18176
2637,DRN35,OUT046,644.6756
2638,FDN28,OUT049,2503.7146
2639,NCK29,OUT010,272.39746
2640,FDA49,OUT049,1397.9192
2641,FDE40,OUT019,141.70546
2642,FDD52,OUT049,1429.2552
2643,FDZ31,OUT018,3169.6018
2644,FDA13,OUT027,940.48474
2645,FDU08,OUT013,702.69446
2646,FDU15,OUT046,577.13257
2647,FDD45,OUT035,1298.396
2648,FDY50,OUT045,1725.723
2649,FDD08,OUT049,719.8597
2650,NCE30,OUT045,923.9339
2651,FDB05,OUT049,2053.694
2652,FDS09,OUT045,1144.1139
2653,FDZ07,OUT018,704.9005
2654,FDS57,OUT035,2580.0786
2655,FDX28,OUT018,954.48083
2656,FDN56,OUT019,200.95438
2657,FDX44,OUT035,1352.4574
2658,NCF19,OUT027,1501.3473
2659,NCA17,OUT018,1612.4249
2660,FDY40,OUT046,2067.0576
2661,NCX54,OUT035,1433.0796
2662,FDK28,OUT046,4812.7573
2663,FDI32,OUT027,3052.5864
2664,FDT11,OUT018,1905.1444
2665,FDO32,OUT017,359.42834
2666,DRJ01,OUT027,3386.3076
2667,FDW02,OUT045,1012.6963
2668,NCK30,OUT013,2878.2407
2669,NCM43,OUT013,642.4494
2670,FDJ14,OUT046,1297.7079
2671,FDE59,OUT035,793.8512
2672,FDN10,OUT045,3099.7842
2673,NCC18,OUT046,2031.2428
2674,FDN34,OUT019,267.97003
2675,FDU12,OUT018,5856.168
2676,FDR33,OUT046,2240.513
2677,FDP33,OUT013,3095.837
2678,FDT49,OUT013,2094.2646
2679,FDK02,OUT035,1109.4475
2680,NCM07,OUT046,1309.6407
2681,FDX38,OUT046,1217.0449
2682,FDS56,OUT010,0.0
2683,FDU26,OUT049,2194.0894
2684,FDR16,OUT049,4484.114
2685,FDA58,OUT046,7438.7485
2686,FDI26,OUT018,2591.542
2687,FDU36,OUT035,660.2325
2688,FDG60,OUT035,5476.004
2689,FDH14,OUT010,280.70203
2690,FDQ37,OUT027,6287.0396
2691,FDW23,OUT013,7.8836308
2692,FDM03,OUT017,2206.2576
2693,FDB58,OUT013,765.0481
2694,FDR09,OUT013,1144.0985
2695,FDR48,OUT018,3015.5698
2696,FDZ52,OUT046,2184.834
2697,DRD60,OUT049,4360.8975
2698,FDJ14,OUT013,2128.5046
2699,NCY29,OUT046,979.6252
2700,NCP41,OUT013,1997.6818
2701,FDK46,OUT045,3718.7217
2702,FDI48,OUT013,863.6907
2703,FDX48,OUT019,710.5509
2704,NCI29,OUT049,2072.4897
2705,FDL51,OUT046,5389.156
2706,FDU21,OUT017,743.2225
2707,FDA08,OUT019,616.0507
2708,FDK03,OUT018,4714.645
2709,DRH39,OUT049,1505.4508
2710,NCR18,OUT018,795.2932
2711,NCX42,OUT046,3521.6338
2712,FDR15,OUT049,2430.7979
2713,FDN60,OUT019,93.86677
2714,FDH24,OUT017,3868.0571
2715,FDY50,OUT027,2155.1396
2716,FDT26,OUT049,2115.0142
2717,NCC30,OUT035,3702.4521
2718,NCE43,OUT046,2592.3652
2719,DRK39,OUT017,1119.4369
2720,FDL16,OUT013,379.83652
2721,FDQ36,OUT018,1437.2126
2722,FDS34,OUT035,2137.276
2723,FDN32,OUT045,2621.92
2724,FDZ23,OUT045,6010.9146
2725,DRL49,OUT049,1971.8276
2726,FDG33,OUT035,2671.1367
2727,FDG04,OUT045,2666.261
2728,FDR04,OUT045,749.6282
2729,FDF52,OUT035,531.4612
2730,FDT36,OUT010,287.63358
2731,FDH17,OUT013,2521.0825
2732,NCL42,OUT017,4700.1675
2733,DRN35,OUT018,498.41437
2734,FDL21,OUT019,0.0
2735,FDX07,OUT027,3517.5833
2736,FDW16,OUT046,1093.3396
2737,FDS11,OUT027,3867.285
2738,NCZ54,OUT018,2217.9092
2739,FDH32,OUT035,1721.2336
2740,NCQ17,OUT027,2138.4973
2741,FDK38,OUT035,3009.145
2742,NCF55,OUT013,308.0385
2743,FDW39,OUT018,1296.238
2744,FDX36,OUT019,0.0
2745,FDD47,OUT045,1983.0289
2746,FDQ46,OUT013,2629.195
2747,FDE56,OUT027,2452.478
2748,FDY39,OUT019,228.3571
2749,FDG05,OUT046,0.0
2750,NCR54,OUT019,258.39523
2751,FDX57,OUT018,1751.3649
2752,FDC17,OUT027,6001.566
2753,DRL60,OUT019,833.1411
2754,FDO32,OUT013,462.56012
2755,NCO29,OUT013,2032.7722
2756,FDJ36,OUT027,2552.0884
2757,NCF54,OUT045,3092.7173
2758,FDV04,OUT035,3665.9932
2759,NCK30,OUT010,835.52527
2760,FDX09,OUT019,183.48358
2761,FDH53,OUT013,2098.6807
2762,FDT22,OUT045,587.0654
2763,DRF25,OUT019,0.0
2764,FDG56,OUT045,490.90552
2765,FDG38,OUT027,2710.0303
2766,FDS34,OUT045,607.1139
2767,FDP44,OUT049,1453.5475
2768,FDW03,OUT013,2716.1604
2769,FDU25,OUT018,1051.0477
2770,NCR17,OUT045,1640.5775
2771,FDY39,OUT018,5669.4604
2772,FDA03,OUT049,1895.124
2773,FDG58,OUT046,3494.8118
2774,NCB19,OUT017,2173.1711
2775,FDI07,OUT049,5396.4653
2776,NCS06,OUT035,2892.3232
2777,FDX03,OUT010,0.0
2778,NCK29,OUT046,3661.814
2779,FDH16,OUT013,1211.1674
2780,FDA55,OUT027,6075.7935
2781,FDS20,OUT049,2558.7756
2782,FDS31,OUT046,2876.6243
2783,FDA23,OUT027,2800.437
2784,NCU18,OUT035,2855.9514
2785,FDE11,OUT013,529.1863
2786,FDE44,OUT045,529.0392
2787,FDV51,OUT046,2666.9512
2788,FDK51,OUT017,3620.3145
2789,FDR36,OUT045,845.13293
2790,FDU40,OUT046,3212.4473
2791,FDU37,OUT027,1519.8802
2792,FDV47,OUT013,604.41455
2793,FDF04,OUT019,517.81104
2794,FDX16,OUT035,2637.795
2795,NCL05,OUT013,545.6649
2796,NCL30,OUT027,3549.221
2797,NCR06,OUT046,908.2416
2798,FDX03,OUT045,672.4566
2799,FDR32,OUT046,5411.402
2800,FDX04,OUT035,1036.6278
2801,DRH01,OUT017,1854.5807
2802,FDO57,OUT045,1708.5319
2803,FDD11,OUT027,1639.8026
2804,DRM47,OUT010,640.40594
2805,NCC54,OUT035,3364.9487
2806,FDC45,OUT049,2958.8418
2807,FDW46,OUT019,287.67218
2808,FDP40,OUT013,3015.8728
2809,FDM08,OUT010,274.57095
2810,FDV52,OUT049,1287.1548
2811,DRB24,OUT045,2295.967
2812,NCC54,OUT010,306.2174
2813,FDV38,OUT019,123.74567
2814,FDB36,OUT045,1715.3956
2815,DRH51,OUT019,276.88904
2816,FDV45,OUT027,4868.463
2817,NCL29,OUT027,2328.7617
2818,FDU14,OUT010,310.74777
2819,FDH17,OUT035,1590.2915
2820,FDQ15,OUT035,1608.5157
2821,FDZ44,OUT017,1266.3368
2822,FDM32,OUT018,1188.4276
2823,NCP29,OUT035,1630.0289
2824,FDG53,OUT017,2010.0695
2825,FDT25,OUT018,1160.2279
2826,FDM39,OUT027,4623.9385
2827,FDW35,OUT045,330.3694
2828,FDD10,OUT010,471.10516
2829,FDH08,OUT027,7360.651
2830,DRG37,OUT018,2510.921
2831,FDU01,OUT017,5702.108
2832,NCZ17,OUT018,485.5603
2833,FDU34,OUT027,4460.739
2834,FDB16,OUT035,1547.2743
2835,FDG10,OUT010,168.56964
2836,FDH46,OUT013,1092.3579
2837,FDC16,OUT027,2747.9612
2838,FDH50,OUT035,2356.4104
2839,NCZ18,OUT046,3505.8713
2840,FDJ32,OUT046,914.01337
2841,DRI23,OUT035,4047.4702
2842,DRD01,OUT049,639.199
2843,FDY02,OUT045,4284.0396
2844,FDG38,OUT049,879.34924
2845,NCG30,OUT049,3965.756
2846,FDO31,OUT018,1180.9453
2847,NCU42,OUT045,2845.392
2848,NCG30,OUT045,1246.445
2849,NCA30,OUT046,2555.0532
2850,FDF29,OUT013,2447.9478
2851,FDI14,OUT049,1314.2311
2852,FDY57,OUT049,1640.0505
2853,FDT27,OUT027,5915.5405
2854,FDM46,OUT027,1345.3563
2855,NCD30,OUT027,2375.1094
2856,FDJ15,OUT027,4107.015
2857,NCW05,OUT045,908.29596
2858,FDT13,OUT010,60.51673
2859,NCP06,OUT010,304.5798
2860,FDP03,OUT045,1306.1267
2861,NCM30,OUT019,178.10703
2862,FDK20,OUT013,1218.7072
2863,FDX01,OUT049,0.0
2864,FDV57,OUT017,2398.2478
2865,FDY34,OUT045,2276.2866
2866,FDP37,OUT019,449.93988
2867,FDP22,OUT035,808.49133
2868,FDS25,OUT046,1924.6587
2869,NCY18,OUT018,1172.1151
2870,FDO08,OUT013,804.7395
2871,NCI43,OUT027,1639.7906
2872,FDH16,OUT046,1516.8757
2873,NCZ05,OUT019,236.2322
2874,DRE49,OUT045,2846.823
2875,FDO09,OUT027,2615.7764
2876,FDA08,OUT013,1974.0034
2877,NCD55,OUT017,659.573
2878,NCR50,OUT013,2066.8052
2879,NCC06,OUT049,2089.0754
2880,FDC34,OUT013,1403.5007
2881,FDQ49,OUT019,412.45715
2882,FDS60,OUT013,3567.6675
2883,FDP10,OUT013,818.93005
2884,FDW46,OUT035,1239.548
2885,FDG53,OUT010,264.51276
2886,FDP57,OUT035,2208.6401
2887,NCP43,OUT019,247.94978
2888,FDW49,OUT017,3619.6357
2889,FDA28,OUT010,180.60536
2890,NCS42,OUT035,1507.496
2891,FDP21,OUT027,4732.342
2892,DRJ39,OUT046,3982.3345
2893,FDH12,OUT017,1281.819
2894,FDQ13,OUT049,1006.92456
2895,NCQ06,OUT018,2384.9453
2896,FDL40,OUT027,2520.0728
2897,NCE54,OUT018,159.71631
2898,FDL58,OUT010,821.9465
2899,FDW38,OUT018,364.94226
2900,FDD17,OUT013,2921.9297
2901,FDK25,OUT049,2543.7559
2902,FDR22,OUT027,4883.321
2903,FDU35,OUT045,1605.3389
2904,FDR35,OUT045,5152.7056
2905,NCZ18,OUT018,1143.4852
2906,FDF22,OUT010,624.32446
2907,FDD17,OUT045,4404.4644
2908,DRD37,OUT046,259.1714
2909,FDC08,OUT046,5590.776
2910,FDU57,OUT046,639.58484
2911,FDZ58,OUT049,1806.9215
2912,FDY01,OUT035,2264.058
2913,FDG09,OUT018,2232.7085
2914,NCE54,OUT046,1396.5927
2915,FDB34,OUT045,1893.0853
2916,FDT24,OUT046,0.0
2917,FDZ08,OUT013,1394.0687
2918,NCI54,OUT049,1302.7561
2919,FDU34,OUT049,1663.6841
2920,FDP23,OUT013,3836.0889
2921,NCV29,OUT019,687.53265
2922,FDG10,OUT027,1685.3824
2923,FDZ56,OUT019,207.68005
2924,NCL41,OUT035,767.3279
2925,FDM39,OUT013,3121.1167
2926,NCZ54,OUT049,3056.5762
2927,FDT59,OUT049,5456.877
2928,FDV20,OUT018,1230.228
2929,NCE43,OUT017,4383.4087
2930,FDP15,OUT027,4519.83
2931,FDO16,OUT018,1940.9379
2932,NCP41,OUT019,253.32973
2933,DRD01,OUT045,1449.9603
2934,FDM56,OUT017,1418.1627
2935,FDS22,OUT045,751.7622
2936,FDX20,OUT049,3117.5713
2937,FDE34,OUT017,3806.9792
2938,FDV50,OUT046,2345.4065
2939,NCU17,OUT017,739.2064
2940,NCP53,OUT027,4966.7827
2941,FDW09,OUT010,108.53501
2942,FDW55,OUT046,4586.7886
2943,NCE31,OUT027,353.08264
2944,FDO49,OUT046,1316.2028
2945,FDH34,OUT019,212.74203
2946,FDJ38,OUT013,2049.9746
2947,FDG32,OUT046,4253.0664
2948,DRQ35,OUT017,2137.0466
2949,FDK25,OUT019,479.77145
2950,FDD58,OUT018,1610.1072
2951,FDB15,OUT035,6772.2944
2952,DRF60,OUT018,2998.3606
2953,FDH04,OUT019,317.06122
2954,FDM04,OUT049,1149.7914
2955,FDO58,OUT049,1216.5121
2956,FDQ24,OUT017,4290.6255
2957,DRP35,OUT045,2899.285
2958,DRI47,OUT013,2689.5059
2959,FDF35,OUT013,1982.2567
2960,FDP31,OUT046,851.6885
2961,FDQ52,OUT018,2423.7217
2962,FDM12,OUT035,5418.3105
2963,NCS42,OUT046,1527.2114
2964,FDO31,OUT017,1394.5201
2965,FDU19,OUT046,1978.3468
2966,NCE19,OUT027,1748.4288
2967,FDR16,OUT035,5823.0205
2968,FDF56,OUT045,3086.5078
2969,DRJ59,OUT010,98.037224
2970,FDH16,OUT027,2874.6147
2971,FDI28,OUT049,1255.9304
2972,FDC58,OUT027,1281.8239
2973,FDU13,OUT046,2972.7827
2974,FDX58,OUT046,1206.7572
2975,FDU16,OUT045,458.859
2976,FDX35,OUT045,4214.1396
2977,FDL21,OUT046,767.8225
2978,DRM37,OUT013,3946.228
2979,FDR35,OUT049,3317.797
2980,FDW32,OUT010,100.51903
2981,FDY34,OUT027,5404.517
2982,FDQ44,OUT013,3010.1338
2983,DRD24,OUT049,1705.3191
2984,DRE12,OUT045,2360.4812
2985,NCX29,OUT013,1862.5189
2986,FDS07,OUT018,1678.1224
2987,FDI27,OUT027,1254.0406
2988,FDL02,OUT013,624.87683
2989,FDN58,OUT018,4798.0107
2990,DRK12,OUT045,381.49423
2991,FDC60,OUT046,1697.7825
2992,FDV45,OUT049,2737.206
2993,FDB23,OUT045,4875.4795
2994,NCA29,OUT046,3223.8064
2995,FDO20,OUT018,1112.7692
2996,NCH55,OUT019,298.3471
2997,FDO32,OUT045,373.16357
2998,FDS59,OUT019,220.24149
2999,FDR59,OUT013,4524.323
3000,FDS55,OUT045,1941.4683
3001,FDT21,OUT035,4749.8403
3002,NCR38,OUT046,1886.2042
3003,FDJ22,OUT045,3048.8027
3004,FDB57,OUT017,5208.691
3005,FDR52,OUT013,2123.2478
3006,NCO41,OUT046,1581.3988
3007,FDG47,OUT010,71.54267
3008,FDB44,OUT017,883.526
3009,FDY14,OUT046,2425.1462
3010,NCN55,OUT017,3242.0437
3011,FDV48,OUT018,916.35767
3012,FDA21,OUT035,3399.2058
3013,FDZ27,OUT049,710.60596
3014,FDW58,OUT013,839.9535
3015,FDH45,OUT049,698.9867
3016,FDH38,OUT019,189.65059
3017,FDL43,OUT046,1618.0928
3018,FDD38,OUT027,2890.727
3019,FDV02,OUT049,4352.7534
3020,NCF31,OUT046,2012.5358
3021,NCN05,OUT018,1471.8204
3022,FDZ16,OUT013,3189.7224
3023,NCT18,OUT027,4959.0405
3024,NCP50,OUT035,755.7533
3025,FDW13,OUT019,85.63476
3026,NCS53,OUT017,3066.3093
3027,DRG03,OUT046,3620.9805
3028,DRE60,OUT017,7089.3887
3029,FDK21,OUT045,6669.8
3030,FDF52,OUT019,33.874275
3031,NCN43,OUT019,288.3808
3032,FDW13,OUT046,964.46936
3033,FDW14,OUT035,1012.23157
3034,FDG24,OUT046,1111.5352
3035,FDR19,OUT045,3044.0806
3036,NCG06,OUT027,4192.4907
3037,FDK10,OUT035,3425.8157
3038,DRK12,OUT017,0.0
3039,FDY55,OUT045,4040.633
3040,FDV04,OUT027,3870.9292
3041,FDE23,OUT046,1400.1088
3042,FDI08,OUT018,2646.3184
3043,DRA12,OUT010,293.2321
3044,FDF22,OUT018,0.0
3045,FDQ57,OUT049,2215.9014
3046,FDP07,OUT046,3261.6895
3047,DRE37,OUT035,2287.6182
3048,DRF25,OUT013,682.7158
3049,DRF03,OUT013,359.00134
3050,FDN51,OUT035,1689.0858
3051,FDD21,OUT018,1426.1511
3052,NCY42,OUT046,3745.2432
3053,FDH28,OUT027,905.317
3054,NCZ29,OUT010,204.58008
3055,FDN60,OUT046,3043.3386
3056,NCW06,OUT018,2988.8047
3057,NCS30,OUT018,1614.7255
3058,FDW26,OUT010,264.25983
3059,FDQ01,OUT049,3456.5193
3060,FDH27,OUT019,427.21207
3061,NCX41,OUT018,3810.1821
3062,FDH58,OUT049,2912.6
3063,DRB25,OUT010,365.05228
3064,FDG45,OUT045,1281.2201
3065,FDP11,OUT046,3888.66
3066,FDV19,OUT046,3046.6763
3067,FDT32,OUT046,3350.155
3068,NCU53,OUT035,4544.9863
3069,NCA30,OUT035,3219.9915
3070,FDH20,OUT017,1368.7491
3071,DRD25,OUT046,2045.4457
3072,FDK25,OUT035,2536.957
3073,FDF02,OUT049,1296.7034
3074,FDC04,OUT049,1980.1163
3075,FDH21,OUT013,3880.4
3076,DRG03,OUT018,1927.8933
3077,NCY06,OUT017,1990.7019
3078,FDM08,OUT045,4176.1245
3079,NCD31,OUT049,3219.3374
3080,FDU09,OUT027,543.9391
3081,FDB49,OUT018,1227.3013
3082,FDQ58,OUT045,2042.5704
3083,FDJ58,OUT017,2420.4253
3084,NCN30,OUT027,3583.3105
3085,FDA52,OUT049,1812.424
3086,NCN42,OUT027,3204.5332
3087,FDF04,OUT046,3388.7495
3088,FDY15,OUT018,3826.1416
3089,FDT03,OUT027,5953.0337
3090,DRL59,OUT019,111.881
3091,FDW08,OUT018,1726.3094
3092,FDO50,OUT013,1007.981
3093,FDP26,OUT018,488.63055
3094,FDX01,OUT010,188.9638
3095,FDU22,OUT017,2493.3687
3096,FDQ08,OUT035,1142.0017
3097,NCN54,OUT035,1817.7782
3098,FDR01,OUT027,5800.8335
3099,FDB53,OUT027,4172.4497
3100,DRN47,OUT035,4523.5083
3101,FDR39,OUT046,3007.1758
3102,NCL30,OUT046,2405.8271
3103,FDT02,OUT018,503.02704
3104,FDT25,OUT049,1525.168
3105,FDH53,OUT017,2251.4624
3106,DRB48,OUT017,1126.1603
3107,FDX16,OUT010,271.1324
3108,FDH48,OUT045,1824.7714
3109,FDF20,OUT013,1966.0048
3110,FDJ03,OUT010,86.054436
3111,DRJ35,OUT017,849.27673
3112,NCN17,OUT013,739.80554
3113,FDN09,OUT035,2808.9604
3114,NCR30,OUT013,1078.5142
3115,FDW23,OUT049,1606.6846
3116,DRN35,OUT010,99.04034
3117,FDL08,OUT045,5814.854
3118,DRL35,OUT017,913.244
3119,NCS42,OUT049,988.90955
3120,NCY29,OUT027,2363.594
3121,FDO32,OUT018,152.47131
3122,NCU17,OUT035,1634.1371
3123,FDY03,OUT027,3093.6802
3124,NCI30,OUT019,610.8114
3125,FDI04,OUT027,5656.9595
3126,FDC35,OUT013,2567.0044
3127,FDN38,OUT046,3141.6958
3128,FDJ48,OUT046,5844.1904
3129,FDH57,OUT035,2174.5493
3130,FDI40,OUT046,1768.8234
3131,FDF50,OUT027,6786.5674
3132,FDA07,OUT013,2894.571
3133,FDZ60,OUT018,2446.8638
3134,FDW38,OUT017,501.53812
3135,NCF55,OUT046,453.04266
3136,FDR37,OUT046,2247.8242
3137,FDZ33,OUT049,3926.5417
3138,FDV01,OUT045,2778.233
3139,FDI02,OUT018,1639.3143
3140,DRH25,OUT013,1181.336
3141,NCY29,OUT018,828.578
3142,FDR04,OUT027,2944.349
3143,FDR44,OUT045,3497.1714
3144,FDJ41,OUT017,10225.249
3145,FDL43,OUT027,2417.9187
3146,FDB21,OUT017,5763.014
3147,NCU42,OUT018,2055.0796
3148,FDY21,OUT013,4236.8647
3149,FDK58,OUT046,1892.535
3150,DRD13,OUT049,796.73816
3151,FDU35,OUT046,1894.3876
3152,FDX23,OUT010,239.01707
3153,FDQ39,OUT045,3662.3086
3154,FDR31,OUT027,5198.5415
3155,FDS28,OUT035,759.8827
3156,DRN36,OUT045,1483.6332
3157,FDX60,OUT027,1479.0078
3158,NCB54,OUT017,2175.628
3159,FDC15,OUT018,1745.8864
3160,NCP17,OUT027,1844.7037
3161,FDY39,OUT049,3551.0334
3162,FDH33,OUT049,411.61658
3163,FDG09,OUT027,4396.92
3164,FDO10,OUT027,1016.7196
3165,FDD39,OUT027,5822.0483
3166,FDJ09,OUT045,619.536
3167,DRQ35,OUT049,1740.2609
3168,FDV38,OUT049,537.94006
3169,FDJ60,OUT013,1188.8679
3170,FDJ15,OUT017,4292.3984
3171,FDR08,OUT049,2232.436
3172,FDZ55,OUT046,2931.4448
3173,FDL10,OUT045,1986.9672
3174,FDJ34,OUT027,2712.1963
3175,FDW60,OUT027,5929.7964
3176,FDK08,OUT046,1650.4349
3177,NCE42,OUT035,4963.8765
3178,FDR39,OUT017,2491.873
3179,NCN17,OUT018,973.4749
3180,NCR05,OUT045,3870.5745
3181,FDV48,OUT027,2706.973
3182,DRF27,OUT018,1042.7029
3183,NCF07,OUT049,1838.8113
3184,FDF40,OUT035,5406.3247
3185,FDO28,OUT049,1262.6293
3186,FDB23,OUT018,2298.087
3187,FDV48,OUT049,1458.3481
3188,FDM45,OUT046,1149.7075
3189,FDC16,OUT045,1221.3544
3190,DRE25,OUT027,2162.3462
3191,FDY35,OUT049,1410.7339
3192,FDR22,OUT045,375.0016
3193,FDZ10,OUT049,3381.0483
3194,FDY15,OUT019,199.98859
3195,DRA24,OUT013,2973.0015
3196,FDV37,OUT045,4640.714
3197,FDO10,OUT035,1180.5834
3198,FDR59,OUT027,5094.9917
3199,FDR34,OUT018,4872.096
3200,FDG16,OUT017,4107.38
3201,FDO03,OUT027,6681.2754
3202,FDC09,OUT049,556.1115
3203,FDJ52,OUT035,3912.0176
3204,FDL33,OUT010,461.94522
3205,FDJ53,OUT017,1770.1544
3206,FDX08,OUT019,522.60767
3207,FDK32,OUT045,4416.9604
3208,FDM20,OUT017,3681.995
3209,NCJ42,OUT017,757.88794
3210,FDI50,OUT018,6099.4854
3211,FDZ15,OUT035,940.28894
3212,NCK18,OUT045,2623.5571
3213,FDW33,OUT017,1790.9364
3214,NCT05,OUT018,2906.377
3215,FDZ16,OUT019,651.8502
3216,NCV17,OUT046,3231.0398
3217,FDE34,OUT018,1168.8663
3218,FDH44,OUT045,2833.2126
3219,NCK06,OUT045,1113.3859
3220,FDS46,OUT049,3489.6072
3221,NCO42,OUT018,2373.8232
3222,FDL13,OUT049,3526.492
3223,FDK14,OUT017,1178.421
3224,FDX13,OUT045,2745.8193
3225,DRI47,OUT018,2573.6165
3226,FDG22,OUT017,875.47925
3227,FDA13,OUT049,218.04504
3228,FDE46,OUT046,934.5156
3229,FDX25,OUT017,2946.517
3230,FDC58,OUT017,899.95026
3231,NCA42,OUT017,2115.7373
3232,FDV01,OUT049,1700.7703
3233,FDU24,OUT046,2514.2441
3234,FDO51,OUT018,394.25513
3235,NCN14,OUT010,491.30338
3236,FDT37,OUT019,373.6582
3237,FDY09,OUT010,302.86346
3238,NCG06,OUT013,4511.577
3239,FDG40,OUT010,203.95587
3240,FDQ47,OUT035,901.41266
3241,DRH59,OUT010,337.117
3242,FDH48,OUT017,1740.2906
3243,FDE34,OUT035,8038.718
3244,NCM05,OUT049,4745.627
3245,FDU55,OUT049,3383.6377
3246,FDS60,OUT035,3534.5225
3247,FDZ32,OUT013,2024.2988
3248,FDP12,OUT045,741.0292
3249,NCL31,OUT027,3130.0571
3250,FDR32,OUT019,420.88544
3251,FDL08,OUT027,7397.777
3252,FDY34,OUT049,3421.3872
3253,DRG23,OUT018,1984.7714
3254,FDD04,OUT013,2959.3528
3255,FDX37,OUT017,1370.9114
3256,FDM09,OUT018,2365.6328
3257,FDA52,OUT013,2144.1692
3258,NCV41,OUT018,1276.8976
3259,FDB20,OUT035,1484.8715
3260,FDD28,OUT017,771.10596
3261,FDI38,OUT010,120.44196
3262,FDA28,OUT035,3164.9814
3263,FDB32,OUT027,2185.3845
3264,NCS54,OUT035,5607.4946
3265,NCA17,OUT017,1387.4102
3266,FDR14,OUT013,656.84705
3267,FDS58,OUT049,2781.6257
3268,FDU08,OUT018,1362.0964
3269,FDI60,OUT010,0.0
3270,FDU40,OUT018,4557.042
3271,FDX46,OUT027,2057.711
3272,FDG41,OUT017,2396.503
3273,FDD14,OUT019,0.0
3274,FDX45,OUT027,3786.585
3275,NCN30,OUT035,982.4397
3276,DRH13,OUT046,1096.6212
3277,NCP30,OUT017,668.94653
3278,FDT52,OUT046,3164.2615
3279,FDS36,OUT017,2206.7556
3280,FDB03,OUT018,2591.933
3281,FDO09,OUT046,3329.472
3282,FDD28,OUT027,1439.0624
3283,FDF08,OUT045,1143.868
3284,FDB49,OUT010,142.51175
3285,FDB08,OUT035,2524.2412
3286,NCP06,OUT049,2519.9604
3287,FDH28,OUT045,765.0215
3288,FDU20,OUT019,219.70834
3289,DRB25,OUT017,2147.147
3290,NCM30,OUT017,505.78564
3291,FDU57,OUT010,233.46042
3292,FDF56,OUT019,218.0476
3293,NCT30,OUT035,1194.8265
3294,FDX15,OUT018,3104.1362
3295,FDX58,OUT017,0.0
3296,FDQ08,OUT010,356.8419
3297,DRL23,OUT013,1369.3654
3298,FDA25,OUT035,1972.0496
3299,FDV09,OUT049,2827.5723
3300,FDQ46,OUT018,1298.8582
3301,FDH41,OUT027,6538.415
3302,FDY20,OUT017,1221.6914
3303,FDO37,OUT035,3282.834
3304,FDZ55,OUT045,1608.8026
3305,FDS32,OUT027,4958.236
3306,FDV50,OUT049,1984.4117
3307,NCV30,OUT045,1457.2589
3308,FDP16,OUT018,3350.853
3309,FDW39,OUT046,2339.4648
3310,FDN39,OUT013,1918.1517
3311,FDV55,OUT049,2823.7847
3312,FDZ20,OUT035,3600.3347
3313,FDK02,OUT049,1128.1776
3314,FDK10,OUT018,3970.3525
3315,NCQ41,OUT018,3916.7747
3316,FDA11,OUT017,1163.0476
3317,FDN13,OUT045,1860.262
3318,NCA42,OUT010,420.37283
3319,NCX30,OUT013,5044.9253
3320,FDL10,OUT027,3132.8127
3321,FDQ33,OUT049,2843.773
3322,NCE42,OUT046,6179.571
3323,FDH58,OUT018,1462.7313
3324,FDF33,OUT045,2227.6357
3325,DRK49,OUT035,361.84106
3326,NCK19,OUT046,3119.791
3327,FDT24,OUT027,2681.4902
3328,FDI57,OUT018,1373.6945
3329,NCQ06,OUT027,3708.0854
3330,FDB16,OUT013,2615.1233
3331,FDB57,OUT046,5925.3745
3332,DRD13,OUT018,174.30237
3333,FDC41,OUT013,654.83765
3334,FDW59,OUT013,1032.0244
3335,FDO49,OUT049,988.8268
3336,FDO08,OUT010,282.46982
3337,NCV06,OUT019,252.59177
3338,NCY06,OUT046,1562.9026
3339,FDL03,OUT018,0.0
3340,NCL31,OUT049,2048.34
3341,FDU46,OUT017,1439.9615
3342,FDF04,OUT017,4574.8516
3343,FDX31,OUT019,384.17548
3344,FDI24,OUT035,2556.9583
3345,FDY28,OUT019,338.15085
3346,DRN11,OUT017,1476.6068
3347,FDB10,OUT049,6425.393
3348,FDI60,OUT046,902.8921
3349,FDN15,OUT027,3220.827
3350,NCE18,OUT035,5390.2744
3351,NCE43,OUT027,5450.4976
3352,NCN53,OUT018,1600.0411
3353,NCX41,OUT019,375.4464
3354,FDO52,OUT013,3846.4985
3355,FDW45,OUT013,2308.0955
3356,FDN45,OUT027,5896.849
3357,FDD38,OUT017,1415.6028
3358,FDK27,OUT019,292.46747
3359,FDG40,OUT046,263.94116
3360,FDA34,OUT049,5609.347
3361,FDX48,OUT017,493.35626
3362,FDY37,OUT027,2673.9663
3363,DRE48,OUT018,2135.9077
3364,FDT58,OUT049,3387.4985
3365,FDA19,OUT010,0.0
3366,FDG52,OUT035,446.35254
3367,FDA32,OUT019,374.67148
3368,NCM19,OUT045,2388.8901
3369,NCF42,OUT045,2870.0503
3370,FDV23,OUT035,2947.3843
3371,DRA59,OUT010,1344.6573
3372,FDA01,OUT027,2034.3969
3373,FDX44,OUT027,3400.3206
3374,FDW25,OUT035,1312.0059
3375,NCM05,OUT019,393.75674
3376,NCJ54,OUT035,4881.3525
3377,NCK07,OUT018,1605.1268
3378,NCX05,OUT017,1108.7987
3379,FDV39,OUT046,3062.6313
3380,FDI19,OUT045,1119.494
3381,FDT12,OUT046,2306.0474
3382,FDF12,OUT013,2911.0955
3383,NCQ54,OUT027,5327.2505
3384,FDU10,OUT013,534.37573
3385,NCK53,OUT018,687.3113
3386,FDB51,OUT046,836.3641
3387,FDT10,OUT017,1352.6793
3388,NCU53,OUT013,2405.7158
3389,FDJ40,OUT013,1696.1888
3390,NCQ05,OUT019,264.5769
3391,FDV15,OUT046,2060.769
3392,FDD41,OUT049,2342.7646
3393,FDT20,OUT045,546.48004
3394,FDM44,OUT013,1634.3893
3395,FDG21,OUT045,2922.7842
3396,DRZ11,OUT045,2592.3748
3397,FDC59,OUT018,958.9812
3398,NCD43,OUT045,2419.3877
3399,DRL49,OUT010,260.159
3400,NCE07,OUT010,381.14722
3401,FDM02,OUT017,1217.1625
3402,DRJ49,OUT017,1564.3053
3403,FDY25,OUT018,1551.857
3404,DRH39,OUT019,338.20724
3405,FDB09,OUT019,351.70828
3406,FDM38,OUT046,512.8422
3407,FDY22,OUT035,3338.7334
3408,FDP48,OUT017,3477.843
3409,NCT05,OUT013,6916.782
3410,NCS06,OUT046,4561.048
3411,FDD47,OUT049,2792.4734
3412,FDZ49,OUT045,1671.0431
3413,FDW59,OUT035,818.3613
3414,DRO47,OUT049,1334.6133
3415,FDR46,OUT045,1846.7076
3416,FDY59,OUT013,800.71497
3417,NCU05,OUT045,1139.0844
3418,DRJ25,OUT018,212.76392
3419,FDU28,OUT046,4619.1323
3420,FDL50,OUT049,1747.397
3421,FDA43,OUT018,881.9419
3422,FDD08,OUT027,915.19617
3423,FDJ57,OUT018,4863.916
3424,FDC39,OUT035,3389.6484
3425,FDQ58,OUT035,2793.2014
3426,FDA22,OUT035,3521.9753
3427,FDP39,OUT049,481.2976
3428,FDV44,OUT035,3511.6758
3429,FDE04,OUT035,2386.6628
3430,NCO30,OUT013,1822.4265
3431,FDA44,OUT045,1463.0385
3432,FDI16,OUT010,0.0
3433,FDM15,OUT035,4119.3057
3434,DRJ13,OUT035,5476.8086
3435,FDT48,OUT027,2904.1133
3436,FDH33,OUT046,252.35034
3437,FDE14,OUT035,1910.4188
3438,FDE26,OUT013,2767.8623
3439,FDN08,OUT018,1296.1729
3440,NCO29,OUT018,3078.1477
3441,FDK60,OUT049,2159.8506
3442,FDX40,OUT019,0.0
3443,FDX15,OUT049,2904.4353
3444,FDO28,OUT027,3952.6086
3445,NCL05,OUT018,325.01843
3446,FDT04,OUT045,307.8507
3447,FDS26,OUT017,3034.5732
3448,FDV50,OUT018,1499.1825
3449,FDG02,OUT019,37.435265
3450,FDC28,OUT046,876.3902
3451,FDK21,OUT049,5737.106
3452,NCO42,OUT017,1121.9852
3453,FDB46,OUT045,1969.6815
3454,NCH54,OUT019,326.795
3455,FDL26,OUT017,2941.4927
3456,NCQ30,OUT045,1415.2782
3457,FDY50,OUT035,2092.8955
3458,FDX20,OUT019,458.7783
3459,FDQ34,OUT035,1251.0475
3460,FDN39,OUT035,1712.9928
3461,FDB17,OUT046,2413.246
3462,FDQ31,OUT013,506.7345
3463,FDG59,OUT027,983.5934
3464,FDO56,OUT045,1500.7635
3465,FDX11,OUT045,4147.3145
3466,FDJ32,OUT013,416.34326
3467,FDV31,OUT049,3001.171
3468,FDB20,OUT045,994.546
3469,FDQ45,OUT019,230.67612
3470,FDW27,OUT049,1827.015
3471,NCT53,OUT017,1774.0958
3472,NCS41,OUT027,4788.6143
3473,DRI47,OUT010,118.040245
3474,NCJ42,OUT045,623.1679
3475,NCS17,OUT049,1574.0073
3476,NCO41,OUT045,2325.4785
3477,FDC05,OUT017,4224.0693
3478,FDX34,OUT035,1175.6007
3479,FDL10,OUT049,1405.57
3480,FDQ58,OUT019,329.16214
3481,FDT56,OUT045,610.14417
3482,FDZ28,OUT018,565.08826
3483,DRI11,OUT045,1530.0878
3484,DRJ49,OUT013,1597.2169
3485,DRK37,OUT027,3719.7686
3486,FDR20,OUT010,116.448555
3487,DRG13,OUT027,3834.7441
3488,NCN14,OUT027,3383.9888
3489,FDV13,OUT018,1842.6938
3490,FDU44,OUT019,625.7486
3491,FDO03,OUT018,2048.3633
3492,FDT34,OUT046,2064.7422
3493,FDP21,OUT017,4157.508
3494,NCI54,OUT017,1527.555
3495,FDE22,OUT035,4003.3694
3496,FDJ57,OUT017,5476.0537
3497,FDT08,OUT035,2146.5398
3498,NCP54,OUT018,2535.8706
3499,NCK53,OUT035,2024.5664
3500,NCQ42,OUT017,3015.3423
3501,FDW21,OUT017,2459.429
3502,NCH43,OUT045,2305.4304
3503,FDQ44,OUT035,688.17236
3504,NCN18,OUT027,1963.5823
3505,FDB46,OUT018,7697.1973
3506,DRF37,OUT018,2772.3965
3507,FDN28,OUT035,2686.631
3508,FDW31,OUT045,4695.3843
3509,FDG45,OUT010,541.7979
3510,FDN58,OUT035,2261.562
3511,FDF05,OUT018,3348.7168
3512,FDR26,OUT013,2698.573
3513,FDH31,OUT035,2817.58
3514,FDA01,OUT045,1001.42896
3515,FDH24,OUT018,1005.99097
3516,NCJ19,OUT018,927.60925
3517,FDF53,OUT046,2053.0295
3518,FDF22,OUT013,6000.1465
3519,FDS36,OUT045,1784.0404
3520,NCJ29,OUT035,644.4947
3521,FDN46,OUT018,2242.2896
3522,DRG01,OUT046,976.3174
